fazenda;fb.total;fb_total_predito;coeficiente_calibracao
1000;5700;5700.25;0.9999561422744616
1001;5590;5591.1;0.9998032587505141
1002;5540;5540.05;0.9999909748106967
1003;5840;5839.75;1.0000428100518002
1004;5900;5911.0;0.9981390627643377
1005;5670;5669.65;1.0000617322056917
1006;5860;5858.5;1.0002560382350432
1007;6070;6069.55;1.0000741405870286
1008;5370;5365.75;1.0007920607557192
1009;5820;5820.15;0.9999742274683643
101;6250;6149.85;1.0162849500394318
1010;5570;5569.55;1.0000807964736829
1011;5450;5451.1;0.9997982058667058
1012;5370;5369.75;1.0000465571022858
1013;5560;5559.8;1.000035972516997
1014;6010;6022.85;0.9978664585702781
1015;5660;5660.7;0.9998763403819316
1016;5300;5296.25;1.000708048147274
1017;5470;5469.2;1.0001462736780518
1018;5810;5808.1;1.0003271293538334
1019;5710;5710.05;0.9999912435092512
102;5790;5789.85;1.0000259074069275
1020;5490;5489.0;1.000182182546912
1021;5400;5400.95;0.9998241050185616
1022;5850;5849.7;1.0000512846812657
1023;5260;5256.05;1.0007515149209005
1024;5910;5916.75;0.9988591709975916
1025;5750;5749.9;1.0000173916068107
1026;5520;5520.4;0.9999275414825013
1027;4950;4946.25;1.0007581501137226
1028;5170;5185.7;0.9969724434502575
1029;5330;5323.55;1.0012115975242084
103;6240;6179.65;1.0097659252546667
1030;5380;5380.25;0.999953533757725
1031;5610;5611.3;0.999768324630656
1032;5920;5927.85;0.9986757424698668
1033;5950;5949.75;1.000042018572209
1034;5640;5640.25;0.9999556757235938
1035;6030;6054.35;0.9959780983920652
1036;5760;5760.2;0.9999652789833686
1037;5630;5630.55;0.9999023186012024
1038;5930;5929.85;1.0000252957494709
1039;5680;5681.15;0.9997975761949606
104;5530;5530.6;0.9998915126749357
1040;6200;6196.75;1.000524468471376
1041;5870;5868.95;1.00017890764106
1042;5810;5809.5;1.0000860659264996
1043;6270;6290.4;0.9967569629912247
1044;5890;5890.8;0.999864195015957
1045;5780;5777.15;1.0004933228321924
1046;5910;5910.35;0.9999407818487906
1047;5960;5973.4;0.9977567214651623
1048;5560;5559.75;1.0000449660506319
1049;5830;5828.05;1.000334588756102
105;5470;5467.1;1.0005304457573485
1050;5530;5531.35;0.9997559366158352
1051;5810;5878.8;0.9882969313465333
1052;5660;5660.35;0.9999381663678041
1053;5800;5800.5;0.9999138005344367
1054;5760;5759.75;1.0000434046616606
1055;5520;5536.75;0.9969747595611144
1056;5570;5570.4;0.9999281918713199
1057;5470;5469.15;1.0001554172037703
1058;5320;5325.25;0.9990141307919816
1059;5900;5897.9;1.0003560589362317
1060;5860;5859.9;1.0000170651376303
1061;5730;5732.15;0.9996249225857663
1062;5490;5486.5;1.000637929463228
1063;5510;5506.6;1.0006174408891149
1064;5600;5599.85;1.0000267864317793
1065;5370;5356.6;1.0025015868274652
1066;5850;5849.35;1.0001111234581619
1067;5580;5579.4;1.0001075384449942
1068;5570;5569.35;1.0001167102085522
1069;5740;5740.4;0.9999303184447077
107;5970;5971.65;0.9997236944563062
1073;6080;6016.3;1.0105879028638864
1074;6110;6117.2;0.9988229909108742
1075;5690;5691.65;0.999710101640122
1076;5660;5659.25;1.0001325263948404
1077;5330;5326.05;1.0007416377991194
1078;4890;4886.0;1.0008186655751126
1079;5080;5061.5;1.0036550429714513
108;5660;5659.1;1.0001590358890988
1080;5140;5140.35;0.9999319112511793
1081;5310;5310.7;0.9998681906340031
1082;5350;5341.85;1.0015256886659116
1083;5840;5838.4;1.000274047684297
1084;5800;5800.2;0.9999655184303989
1085;5650;5650.2;0.9999646030229019
1086;5790;5796.35;0.998904482993608
1087;5760;5759.8;1.0000347234278968
1088;5180;5188.15;0.9984291124967475
1089;5410;5410.25;0.9999537914144448
1090;6040;6040.05;0.9999917219228317
1091;5820;5820.05;0.9999914090085137
1092;5700;5700.95;0.9998333611064822
1093;5800;5800.4;0.9999310392386732
1094;5750;5749.7;1.0000521766353028
1095;5800;5800.5;0.9999138005344367
1096;5660;5668.2;0.998553332627642
1097;5740;5740.3;0.999947737923105
1098;5760;5811.85;0.9910785722274318
1099;5410;5411.0;0.9998151912770282
110;5870;5869.8;1.0000340727111656
1100;4980;4979.4;1.000120496445355
1101;5140;5141.8;0.9996499280407639
1102;5820;5820.75;0.9998711506249195
1103;5770;5770.7;0.9998786975583551
1104;5830;5832.75;0.9995285242809995
1105;5740;5740.2;0.9999651580084318
1106;5600;5598.85;1.0002053993230753
1107;6000;5997.45;1.0004251807017983
1108;5860;5857.45;1.000435343024695
1109;5450;5449.0;1.0001835199119105
111;5820;5819.15;1.000146069443132
1110;5990;5981.9;1.0013540848225482
1111;5560;5562.45;0.9995595466026661
1112;5650;5641.85;1.0014445616242897
1113;5880;5880.7;0.9998809665516011
1114;5900;5921.3;0.9964028169489808
1115;6200;6221.7;0.9965122072745392
1116;5380;5379.3;1.0001301284553752
1117;5510;5509.5;1.0000907523368727
1118;5570;5570.8;0.9998563940547138
1119;6280;6252.9;1.0043339890290905
112;5500;5504.45;0.9991915631897829
1120;5650;5650.55;0.9999026643424092
1121;5510;5507.8;1.0003994335306292
1122;5840;5839.1;1.000154133342467
1123;5840;5840.1;0.9999828770055307
1124;5650;5651.75;0.999690361392489
1125;5420;5428.2;0.9984893703253381
1126;5430;5428.6;1.0002578933795085
1127;5780;5781.0;0.9998270195467912
1128;5600;5600.15;0.9999732150031696
1129;5990;5965.65;1.0040817010719705
113;5530;5530.4;0.9999276725010849
1130;5950;5956.15;0.9989674538082487
1131;5670;5670.0;1.0
1132;5280;5278.75;1.0002367984844898
1133;5650;5651.45;0.999743428677596
1134;5790;5794.7;0.9991889140076277
1135;5600;5600.15;0.9999732150031696
1136;5930;5928.7;1.0002192723531298
1137;5300;5300.95;0.9998207868400948
1138;5400;5398.7;1.0002407987108008
1139;5390;5390.4;0.9999257940041556
114;5640;5639.65;1.0000620605888664
1140;5980;5975.85;1.0006944618757163
1141;5380;5379.3;1.0001301284553752
1142;5590;5590.35;0.999937392113195
1143;5700;5700.2;0.9999649135118066
1144;5440;5440.75;0.9998621513578091
1145;5690;5690.05;0.9999912127309953
1146;5560;5559.7;1.0000539597460294
1147;5360;5357.55;1.0004572985786413
1148;5540;5540.8;0.9998556165174703
1149;5740;5740.5;0.999912899573208
115;5560;5559.9;1.000017985934999
1150;5850;5850.3;0.9999487205784319
1151;5360;5358.15;1.00034526842287
1152;5820;5819.65;1.000060141073776
1153;5470;5469.85;1.0000274230554769
1154;5690;5690.2;0.9999648518505501
1155;5530;5530.55;0.9999005523862906
1156;5480;5477.5;1.0004564125969877
1157;5360;5353.85;1.0011487060713318
1158;5530;5529.55;1.0000813809441997
1159;5760;5759.85;1.0000260423448526
1160;5850;5849.3;1.0001196724394372
1161;5990;5981.4;1.0014377904838332
1162;5620;5620.65;0.9998843550123208
1163;5350;5354.85;0.9990942790180863
1164;5720;5719.6;1.0000699349604867
1165;5460;5459.85;1.000027473282233
1166;5670;5670.2;0.99996472787556
1167;5760;5760.15;0.9999739590114841
1168;5710;5708.1;1.0003328603212978
1169;5890;5888.9;1.0001867921003924
117;5170;5205.05;0.993266154984102
1170;5820;5819.95;1.0000085911390992
1171;5630;5630.2;0.9999644772832227
1172;5910;5910.3;0.9999492411552713
1173;5490;5486.7;1.0006014544261579
1174;5700;5701.7;0.9997018433098901
1175;5750;5750.0;1.0
1176;5690;5690.05;0.9999912127309953
1177;5780;5780.15;0.9999740491163724
1178;5790;5790.3;0.9999481892129941
1179;5760;5760.4;0.9999305603777516
118;5510;5510.55;0.9999001914509441
1180;5580;5575.25;1.0008519797318507
1181;6000;6000.7;0.9998833469428567
1182;5560;5559.9;1.000017985934999
1183;5820;5819.9;1.0000171824258148
1184;5800;5799.95;1.0000086207639722
1185;5820;5820.0;1.0
1186;5860;5856.4;1.0006147121098286
1187;5900;5897.8;1.0003730204483028
1188;5900;5909.4;0.9984093139743461
1189;5800;5800.75;0.9998707063741757
1190;5530;5530.15;0.9999728759617732
1191;5920;5919.05;1.0001604987286812
1192;5790;5789.9;1.0000172714554656
1193;5470;5469.7;1.0000548476150428
1194;5450;5449.35;1.0001192802811343
1195;5690;5692.25;0.9996047257235715
1196;5920;5923.05;0.9994850625944404
1197;5550;5553.25;0.9994147571242066
1198;5740;5739.6;1.000069691267684
1199;5430;5430.35;0.9999355474324859
120;5260;5259.9;1.0000190117682846
1200;5330;5333.05;0.9994280946175266
1201;5500;5494.1;1.0010738792522889
1202;5600;5598.3;1.000303663612168
1203;5370;5368.9;1.0002048836819462
1204;5420;5422.3;0.9995758257565978
1205;5410;5409.0;1.0001848770567572
1206;5500;5494.55;1.000991891965675
1207;5430;5431.65;0.9996962249040348
1208;6050;6000.0;1.0083333333333333
1209;6010;5998.25;1.0019589046805317
121;6070;6067.9;1.0003460834885216
1210;5530;5529.3;1.0001265983035827
1211;5610;5610.0;1.0
1212;5860;5860.0;1.0
1213;5540;5540.7;0.9998736621726497
1214;5650;5650.9;0.9998407333345132
1215;5450;5445.85;1.0007620481651165
1216;5900;5897.9;1.0003560589362317
1217;5780;5718.2;1.0108075967961947
1218;5670;5669.95;1.0000088184199156
1219;5820;5819.85;1.000025773860151
122;5800;5799.6;1.000068970273812
1220;5650;5649.7;1.0000531001646105
1221;5670;5669.8;1.0000352746128611
1222;5750;5753.1;0.9994611600702229
1223;5930;5928.55;1.0002445791972743
1224;5680;5679.8;1.0000352125074827
1225;5560;5560.2;0.9999640300708608
1226;5860;5856.45;1.0006061692663644
1227;5690;5690.1;0.9999824256164215
1228;5910;5912.0;0.9996617050067659
1229;5810;5811.8;0.9996902852816683
123;5630;5629.45;1.0000977004858378
1230;5700;5700.15;0.999973684903029
1231;5900;5911.85;0.9979955513079661
1232;5520;5515.05;1.0008975439932548
1233;5850;5849.7;1.0000512846812657
1234;5590;5591.25;0.9997764363961547
1235;5950;5950.05;0.9999915967092713
1236;5480;5482.25;0.9995895845683798
1237;5470;5470.6;0.99989032281651
1238;5300;5297.4;1.0004908068108884
1239;5320;5319.65;1.000065793802224
124;5850;5850.4;0.999931628606591
1240;5390;5390.45;0.9999165190290236
1241;5460;5459.25;1.0001373815084489
1242;5600;5594.65;1.000956270722923
1243;5420;5426.9;0.9987285558974738
1244;5680;5680.0;1.0
1245;6070;6061.7;1.0013692528498606
1246;5510;5509.8;1.0000362989582199
1247;5730;5730.65;0.9998865748213555
1248;5380;5379.5;1.0000929454410261
1249;5630;5627.95;1.0003642534137653
125;5260;5255.35;1.000884812619521
1250;5630;5629.9;1.0000177623048367
1251;5610;5610.0;1.0
1252;5500;5503.15;0.9994276005560453
1253;5680;5679.55;1.0000792316292664
1254;5950;5953.8;0.9993617521582855
1255;5730;5730.0;1.0
1256;5650;5651.75;0.999690361392489
1257;5740;5740.05;0.9999912892744837
1258;5780;5785.7;0.9990148123822529
1259;5850;5851.25;0.999786370433668
126;5460;5459.9;1.0000183153537612
1260;5530;5530.15;0.9999728759617732
1261;5670;5670.0;1.0
1262;5900;5898.95;1.0001779977792657
1263;5820;5820.45;0.9999226863902276
1264;5800;5799.6;1.000068970273812
1265;5810;5810.2;0.9999655777770129
1266;5850;5849.7;1.0000512846812657
1267;5660;5661.5;0.9997350525479113
1268;5720;5719.75;1.0000437082040299
1269;5820;5818.95;1.0001804449256309
127;5160;5156.1;1.0007563856403094
1270;5600;5595.1;1.0008757662955086
1271;5940;5946.75;0.9988649262202043
1272;5720;5718.45;1.000271052470512
1273;5700;5701.65;0.9997106100865539
1274;5660;5661.25;0.9997792007065578
1275;5930;5921.45;1.0014439030980589
1276;5950;5954.1;0.9993113988680069
1277;5850;5849.45;1.0000940259340623
1278;6060;6050.65;1.0015452885227207
1279;5740;5740.15;0.9999738682787036
1280;5670;5670.0;1.0
1281;5800;5800.4;0.9999310392386732
1282;6100;6094.8;1.000853186322767
1283;5890;5892.35;0.9996011777983317
1284;5770;5770.25;0.99995667432087
1285;5980;6031.1;0.9915272504186632
1286;5670;5670.35;0.9999382754150977
1287;5680;5679.9;1.0000176059437667
1288;5660;5661.5;0.9997350525479113
1289;5430;5431.2;0.9997790543526293
129;5800;5800.05;0.9999913793846604
1290;5630;5630.05;0.9999911190841999
1291;5780;5780.0;1.0
1292;5630;5629.85;1.0000266436938816
1293;6450;6375.35;1.011709161065667
1294;5720;5720.25;0.9999562956164503
1295;5710;5709.4;1.0001050898518233
1296;5480;5524.45;0.991953950166985
1297;5600;5731.55;0.9770480934476712
1298;5430;5425.85;1.000764857119161
1299;5280;5273.55;1.0012230850186308
130;5940;5944.6;0.9992261884735726
1300;5600;5599.85;1.0000267864317793
1301;5420;5424.6;0.9991520112081996
1302;5600;5598.0;1.0003572704537336
1303;5400;5398.6;1.0002593264920534
1304;6340;6328.75;1.0017776022121272
1305;5860;5857.45;1.000435343024695
1306;5700;5701.7;0.9997018433098901
1307;5390;5390.65;0.9998794208490628
1308;6260;6269.85;0.9984289895292551
1309;5810;5809.05;1.0001635379278884
131;5360;5356.75;1.0006067111588184
1310;5640;5643.2;0.9994329458463284
1311;5750;5749.8;1.0000347838185675
1312;5590;5591.2;0.9997853770210331
1313;5660;5659.55;1.0000795116219487
1314;5740;5739.65;1.000060979328008
1315;4650;4709.2;0.9874288626518305
1316;5030;5096.6;0.9869324647804418
132;5410;5410.3;0.999944550209785
133;5570;5570.1;0.9999820470009514
134;5850;5854.6;0.9992142930345369
135;5620;5620.65;0.9998843550123208
136;5390;5393.2;0.9994066602388193
137;5570;5569.85;1.00002693070729
138;5460;5462.0;0.9996338337605273
139;4990;4987.65;1.0004711637745232
140;5840;5834.0;1.001028453890984
141;5730;5729.3;1.0001221789747439
142;5320;5324.8;0.9990985576923077
143;5910;5911.45;0.9997547133106091
144;5140;5138.35;1.0003211147547364
145;5140;5139.55;1.0000875563035674
147;5450;5450.45;0.9999174380097057
148;5630;5628.95;1.0001865356771689
149;5560;5560.15;0.9999730223105492
150;6200;6209.1;0.9985344091736322
151;5960;5960.9;0.9998490160881747
152;5630;5630.15;0.9999733577258155
153;5700;5701.5;0.9997369113391212
154;5780;5778.9;1.0001903476440153
155;6070;6073.05;0.9994977811807905
156;5780;5782.3;0.9996022344049945
157;5650;5650.4;0.999929208551607
158;5600;5596.75;1.0005806941528566
159;5330;5326.35;1.0006852722783894
160;5590;5591.7;0.9996959779673444
161;5530;5530.2;0.9999638349426784
162;5510;5509.75;1.0000453741095332
163;5390;5391.3;0.9997588707732828
164;5870;5869.8;1.0000340727111656
165;5120;5119.3;1.0001367374445724
166;5410;5410.25;0.9999537914144448
167;5490;5488.0;1.0003644314868805
168;5400;5400.25;0.9999537058469515
169;5080;5069.75;1.0020217959465456
170;5060;5012.2;1.009536730377878
171;5190;5186.0;1.0007713073659854
172;5610;5609.85;1.0000267386828525
181;5570;5570.3;0.9999461429366461
182;6000;5997.85;1.0003584617821386
183;6340;6304.7;1.0055989975732391
184;5620;5621.5;0.9997331673041003
185;5380;5380.35;0.9999349484698951
186;5650;5649.85;1.000026549377417
188;5650;5650.4;0.999929208551607
189;5780;5779.6;1.0000692089417953
190;5210;5193.3;1.0032156817437852
191;5450;5448.75;1.000229410415233
192;6130;6143.1;0.99786752616757
193;5610;5610.0;1.0
194;5800;5800.6;0.9998965624245767
195;5780;5779.05;1.0001643868801966
196;5050;5010.95;1.0077929334756883
197;5390;5390.1;0.999981447468507
198;5760;5758.55;1.0002517994981375
200;5350;5353.2;0.9994022267055219
201;5450;5449.05;1.0001743423165506
202;5380;5378.95;1.0001952053839505
203;5110;5098.75;1.0022064231429273
204;5200;5199.9;1.0000192311390603
205;5320;5320.75;0.9998590424282291
206;5230;5231.05;0.9997992754800661
207;5610;5607.75;1.000401230440016
208;5280;5273.3;1.0012705516469762
209;5740;5739.85;1.0000261330871014
210;5990;5985.45;1.0007601767619811
211;5730;5729.4;1.0001047230076447
212;5120;5089.45;1.0060026132489759
215;5400;5400.15;0.9999722229938058
216;5620;5620.15;0.999973310320899
217;5070;5088.2;0.9964230965763925
218;5930;5925.15;1.0008185446781939
219;5830;5830.8;0.9998627975577965
220;5280;5275.75;1.0008055726673932
221;5280;5275.3;1.000890944590829
222;5420;5417.65;1.0004337674083783
224;5560;5559.6;1.000071947622131
225;5030;5010.1;1.0039719766072532
226;5990;5984.55;1.0009106783300332
227;5290;5286.05;1.0007472498368346
228;5400;5400.25;0.9999537058469515
229;5700;5702.05;0.9996404801781815
230;5560;5560.15;0.9999730223105492
231;6140;6041.5;1.0163038980385666
232;6310;6294.0;1.0025421035907214
236;5620;5621.6;0.9997153835207058
237;5030;5122.15;0.9820095077262478
238;5280;5280.25;0.9999526537569244
239;5430;5428.75;1.000230255583698
240;5430;5423.95;1.001115423261645
241;5170;5179.95;0.9980791320379541
243;5680;5681.65;0.9997095914039056
244;5450;5449.25;1.0001376336193053
245;5620;5620.15;0.999973310320899
246;5360;5357.35;1.000494647540295
247;5670;5628.25;1.0074179363034692
248;5420;5418.3;1.0003137515456877
249;5800;5800.8;0.9998620879878637
250;5310;5308.2;1.0003390979993219
251;5690;5689.95;1.0000087874234396
252;5730;5730.7;0.9998778508733663
253;5570;5570.1;0.9999820470009514
254;4360;4520.5;0.9644950779780997
255;5620;5620.55;0.9999021448078924
256;5810;5809.3;1.0001204964453547
257;5680;5679.9;1.0000176059437667
258;4950;4983.9;0.9931980978751581
259;5190;5185.45;1.00087745518711
260;5430;5427.95;1.0003776748127746
261;5280;5279.75;1.0000473507268337
262;5570;5569.7;1.0000538628651454
265;5230;5270.2;0.9923722059883876
267;5700;5706.35;0.9988872046053957
270;5740;5740.75;0.9998693550494273
271;5650;5643.8;1.0010985506219214
272;5540;5540.65;0.9998826852445111
273;5250;5248.35;1.0003143845208493
274;5460;5460.35;0.9999359015447727
275;5430;5428.85;1.000211831234976
277;5460;5460.1;0.9999816853171186
279;5570;5569.45;1.0000987530187002
280;5250;5233.75;1.0031048483401004
281;5190;5199.8;0.9981153121273895
282;5620;5620.1;0.9999822067223002
283;5630;5630.45;0.9999200774360841
284;5550;5558.55;0.9984618290741291
285;5160;5157.55;1.000475031749571
286;5640;5640.85;0.9998493134899882
287;5510;5509.65;1.0000635249063008
289;6180;6156.25;1.0038578680203045
290;6040;6059.45;0.9967901377187699
294;5730;5730.9;0.9998429566036748
295;5780;5780.25;0.9999567492755503
296;5860;5854.4;1.0009565455042362
297;5360;5358.2;1.0003359337090814
298;5640;5641.55;0.9997252528117272
299;5950;5985.1;0.9941354363335616
300;5860;5859.8;1.0000341308577083
302;5530;5530.1;0.9999819171443554
303;5480;5480.25;0.9999543816431732
304;5140;5154.55;0.9971772511664452
305;5410;5410.4;0.999926068312879
306;6020;6030.45;0.9982671276604566
307;5960;5961.1;0.9998154702991058
308;5730;5731.05;0.9998167874996728
309;5760;5759.6;1.0000694492673101
310;5300;5297.55;1.0004624779379148
311;5640;5640.2;0.9999645402645296
312;6410;6355.9;1.0085117764596674
313;5280;5278.4;1.00030312215823
314;5600;5600.3;0.9999464314411728
315;5900;5897.75;1.000381501420033
316;5300;5305.55;0.9989539256062048
317;5270;5274.0;0.9992415623814941
318;5740;5740.25;0.9999564478899002
319;5840;5841.1;0.9998116793069798
321;5810;5810.85;0.9998537219167591
322;5120;5123.7;0.9992778656049339
323;5290;5293.2;0.9993954507670219
324;5460;5457.6;1.0004397537379066
325;5370;5368.8;1.0002235136343316
326;5400;5396.85;1.0005836738097222
327;5250;5248.5;1.0002857959416975
328;5610;5610.05;0.9999910874234632
329;5460;5460.05;0.9999908425747016
330;5270;5157.3;1.0218525197293158
331;5640;5640.25;0.9999556757235938
332;5910;5912.75;0.999534903386749
333;5780;5780.5;0.9999135022921892
334;6010;6002.4;1.0012661602025856
335;5520;5519.35;1.000117767490737
336;6000;5997.85;1.0003584617821386
337;5360;5356.6;1.0006347309860733
338;5310;5311.95;0.9996329031711518
339;5370;5402.05;0.994067067131922
340;5190;5186.95;1.000588014150898
345;5970;5968.8;1.0002010454362686
347;5590;5590.75;0.9998658498412556
348;5360;5359.45;1.0001026224705893
349;5790;5794.15;0.9992837603444854
350;5200;5200.05;0.9999903847078393
351;5800;5800.9;0.9998448516609493
352;5800;5800.85;0.9998534697501228
353;5550;5558.5;0.9984708104704506
354;5380;5378.95;1.0001952053839505
355;5630;5629.45;1.0000977004858378
356;5680;5680.6;0.9998943773545047
357;5310;5308.4;1.000301409087484
360;5600;5600.2;0.9999642869897504
361;5690;5667.25;1.0040142926463451
362;5690;5667.65;1.00394343334539
363;5770;5765.85;1.0007197551098277
365;5340;5333.15;1.0012844191519084
366;5840;5837.0;1.0005139626520474
367;5530;5530.45;0.9999186322993608
368;5800;5799.65;1.0000603484693042
369;5590;5590.3;0.9999463356170509
370;5520;5519.55;1.0000815283854663
371;5650;5649.75;1.000044249745564
373;5790;5799.0;0.9984480082772892
374;5550;5557.0;0.9987403275148461
375;5200;5200.35;0.9999326968377128
376;5520;5518.4;1.0002899391127864
378;6240;6229.65;1.0016614095494931
379;6030;6017.45;1.0020856010436314
380;5590;5590.8;0.9998569077770623
381;5520;5520.35;0.9999365982229387
383;6170;6119.8;1.0082028824471387
384;5870;5870.1;0.9999829645150848
385;5740;5739.75;1.0000435559040028
386;5200;5199.85;1.0000288469859706
387;5590;5590.15;0.9999731670885398
388;5310;5306.25;1.0007067137809187
391;5220;5217.6;1.0004599816007358
392;4960;4956.15;1.0007768126469134
393;4840;4814.65;1.0052651802311696
394;5470;5468.35;1.0003017363555733
395;5600;5599.6;1.0000714336738339
396;5370;5370.8;0.9998510463990467
397;5480;5480.45;0.9999178899542921
399;4920;4906.75;1.0027003617465735
400;4880;4882.75;0.9994367927909478
401;5380;5376.75;1.0006044543636956
405;5650;5655.3;0.999062826021608
406;5610;5611.15;0.9997950509253897
407;5540;5538.35;1.000297922666498
408;5360;5359.8;1.00003731482518
409;5720;5725.8;0.998987041112159
410;5810;5809.2;1.0001377125938167
411;6120;6113.95;1.0009895403135454
412;5640;5642.95;0.9994772237925199
413;5700;5700.7;0.9998772080621678
414;5820;5818.7;1.0002234176018698
415;5540;5538.95;1.000189566614611
416;5370;5365.9;1.000764084310181
418;5520;5519.55;1.0000815283854663
419;5910;5910.7;0.9998815707107449
420;5620;5620.5;0.9999110399430655
421;5720;5721.75;0.9996941495171932
422;5030;5033.95;0.9992153279234002
423;5520;5520.95;0.9998279281645369
424;5340;5339.95;1.0000093633835523
425;5660;5661.5;0.9997350525479113
426;5510;5509.35;1.0001179812500567
427;5560;5559.45;1.0000989306496146
428;5510;5511.95;0.9996462232059434
429;5720;5724.45;0.9992226327420102
430;5740;5763.25;0.9959658178978875
431;5510;5509.8;1.0000362989582199
432;6000;6000.55;0.9999083417353409
433;5650;5650.7;0.9998761215424637
434;5860;5859.85;1.0000255979248616
435;5380;5380.25;0.999953533757725
436;5320;5322.1;0.9996054189135867
437;5320;5323.1;0.9994176325825176
438;6010;5992.35;1.0029454220798184
439;5390;5396.55;0.9987862615930548
440;5560;5559.85;1.0000269791451208
441;5690;5690.05;0.9999912127309953
442;5380;5379.25;1.0001394246409816
443;5810;5815.75;0.9990113055065984
444;5810;5811.7;0.9997074866218146
445;4970;4973.1;0.9993766463574028
447;5160;5159.85;1.0000290706125177
448;5220;5219.15;1.0001628617686789
449;5850;5849.15;1.0001453202602089
450;5310;5310.3;0.9999435060166092
451;5880;5880.0;1.0
452;5790;5790.3;0.9999481892129941
453;5570;5571.15;0.999793579422561
454;5780;5779.65;1.0000605573001826
455;5250;5243.7;1.001201441730076
456;5450;5450.3;0.9999449571583215
457;5380;5379.9;1.0000185877060912
458;5750;5750.3;0.9999478288089316
459;5710;5709.95;1.0000087566441038
461;5700;5701.65;0.9997106100865539
462;5410;5410.7;0.9998706267211267
463;4710;4640.0;1.0150862068965518
465;5380;5378.95;1.0001952053839505
466;5580;5577.8;1.0003944207393596
467;5200;5200.0;1.0
468;5680;5679.75;1.000044016021832
469;5320;5322.55;0.999520906332491
470;5700;5703.45;0.9993951029639955
471;5530;5529.45;1.0000994673973
472;5540;5536.8;1.0005779511631268
473;5280;5272.1;1.0014984541264391
474;5250;5251.4;0.9997334044254866
475;5700;5701.35;0.9997632139756373
476;5430;5431.25;0.9997698504027618
477;5160;5157.2;1.0005429302722408
478;5720;5719.85;1.0000262244639282
479;5260;5260.2;0.9999619786319912
480;5530;5530.7;0.9998734337425642
481;5280;5280.75;0.9998579747195001
482;5610;5609.35;1.0001158779537735
483;5520;5516.6;1.0006163216473913
484;5600;5600.05;0.99999107150829
487;5300;5299.9;1.0000188682805338
488;5590;5591.6;0.9997138564990342
490;5590;5590.2;0.999964223104719
491;5240;5242.9;0.9994468710065041
494;5530;5528.1;1.000343698558275
495;5700;5701.05;0.9998158234009524
496;6090;6086.45;1.0005832628215134
498;5450;5449.8;1.0000366985944438
499;5410;5410.3;0.999944550209785
501;5650;5650.35;0.9999380569345261
502;5560;5565.0;0.9991015274034142
503;5620;5622.05;0.9996353643244013
504;5690;5690.05;0.9999912127309953
505;5660;5659.85;1.0000265024691466
506;5490;5485.55;1.0008112222110819
507;6210;6242.65;0.9947698493428272
508;5340;5339.5;1.0000936417267534
509;5380;5380.05;0.9999907064060742
511;5940;5942.55;0.9995708912840447
512;5760;5759.0;1.0001736412571627
513;5090;5094.2;0.9991755329590515
514;5270;5264.25;1.0010922733532792
515;5590;5590.2;0.999964223104719
518;5130;5120.0;1.001953125
519;5140;5139.9;1.0000194556314326
520;5760;5760.25;0.9999565991059416
521;5340;5340.5;0.9999063758075086
522;5220;5221.2;0.9997701677775225
523;5010;5035.85;0.9948668050080919
524;5470;5469.75;1.000045705928059
525;5740;5740.0;1.0
527;5410;5409.85;1.0000277272013087
528;5950;5954.15;0.9993030071462762
529;5530;5530.1;0.9999819171443554
530;5510;5509.85;1.0000272239716144
531;5680;5680.0;1.0
532;5050;5063.65;0.9973043160565995
533;5640;5640.9;0.999840450991863
534;5870;5855.35;1.0025019853638124
535;5940;5942.35;0.9996045335599552
536;5740;5741.15;0.9997996916993983
537;5290;5289.8;1.000037808612802
538;5610;5610.05;0.9999910874234632
539;5600;5598.8;1.0002143316424947
540;5740;5740.15;0.9999738682787036
541;5210;5207.45;1.0004896830502454
542;5840;5840.35;0.9999400720847209
543;5280;5280.15;0.9999715917161445
548;5460;5460.1;0.9999816853171186
549;5910;5910.4;0.9999323226854359
550;5970;5986.3;0.9972771160817199
551;5860;5857.6;1.000409724119093
552;6090;6105.15;0.9975184884892264
553;6160;6073.7;1.0142088018835307
555;5650;5652.75;0.9995135111229048
556;5520;5520.3;0.9999456551274387
557;5460;5459.5;1.0000915834783406
558;5140;5141.6;0.9996888128209117
559;5670;5670.0;1.0
560;6150;6093.45;1.0092804568840312
561;5820;5820.1;0.9999828181646363
562;5220;5220.1;0.9999808432788643
563;5890;5887.5;1.0004246284501062
564;5680;5683.65;0.9993578070430094
565;4930;4947.85;0.9963923724445971
566;5570;5570.55;0.9999012664817657
567;5490;5487.8;1.000400889245235
568;5280;5272.5;1.0014224751066856
569;4900;4892.85;1.001461316001921
570;4830;4826.25;1.0007770007770007
571;5420;5415.65;1.0008032276827343
572;5970;5970.0;1.0
573;5580;5576.2;1.0006814676661526
574;5570;5569.6;1.000071818442976
576;6140;6187.0;0.9924034265395183
577;5870;5870.0;1.0
578;6010;6037.95;0.9953709454367791
579;6070;6071.2;0.999802345500066
583;5440;5438.05;1.0003585844190472
584;5490;5488.15;1.000337089911901
586;5860;5886.25;0.9955404544489276
587;5970;5917.6;1.0088549411923753
588;5820;5840.0;0.9965753424657534
589;5360;5357.55;1.0004572985786413
590;5360;5359.45;1.0001026224705893
591;5260;5263.0;0.999429982899487
592;5400;5398.85;1.0002130083258471
593;5400;5401.0;0.9998148491020181
594;5710;5709.8;1.0000350274965848
595;5130;5108.45;1.0042185007193962
596;5480;5481.85;0.9996625226885084
597;5340;5330.8;1.0017258197643881
598;5830;5818.1;1.0020453412626114
599;5370;5369.65;1.0000651811570587
600;5200;5199.55;1.000086545951092
601;5300;5300.05;0.9999905661267346
602;5460;5459.95;1.0000091575930183
603;5220;5216.55;1.0006613566437588
604;5360;5352.5;1.001401214385801
605;6090;6078.05;1.0019660910982964
606;5510;5509.8;1.0000362989582199
607;5810;5808.95;1.0001807555582334
608;5410;5410.7;0.9998706267211267
609;5180;5180.1;0.9999806953533715
610;5660;5660.15;0.9999734989355407
611;5240;5242.6;0.9995040628695685
612;5380;5380.05;0.9999907064060742
613;5650;5650.1;0.9999823011982089
614;5460;5459.0;1.0001831837332844
615;5610;5611.3;0.999768324630656
616;5690;5690.5;0.9999121342588525
617;5260;5255.3;1.000894335242517
618;5810;5756.55;1.0092850752620928
619;5110;5098.05;1.002344033503006
620;5340;5330.0;1.00187617260788
621;5400;5395.45;1.000843303153583
622;5290;5289.35;1.0001228884456501
623;5210;5221.2;0.9978548992568759
624;5820;5820.05;0.9999914090085137
625;5290;5296.05;0.99885763918392
626;5250;5295.1;0.9914826915450132
627;5200;5202.25;0.9995674948339661
628;5530;5530.15;0.9999728759617732
630;5920;5929.45;0.9984062602770915
631;5520;5518.25;1.0003171295247588
632;5310;5307.55;1.0004616065793068
633;5540;5540.3;0.9999458513076909
634;5610;5610.75;0.9998663280310119
635;5530;5529.25;1.00013564226613
636;5560;5561.25;0.9997752303888514
637;6010;5989.65;1.0033975274014342
638;5390;5392.7;0.9994993231590855
639;5420;5418.0;1.0003691399040235
640;5610;5610.2;0.9999643506470358
641;5290;5297.65;0.998555963493247
642;5680;5679.75;1.000044016021832
643;5820;5820.0;1.0
644;5810;5809.85;1.0000258182225015
645;5390;5390.0;1.0
646;5600;5599.85;1.0000267864317793
647;5600;5600.1;0.9999821431760146
648;5950;5953.55;0.9994037171099596
649;5720;5722.25;0.9996067980252523
650;5200;5198.85;1.0002212027659962
651;5540;5540.25;0.9999548756825053
652;5260;5259.75;1.0000475307761776
653;5560;5559.75;1.0000449660506319
654;5590;5592.15;0.9996155324875049
655;5940;5943.95;0.9993354587437647
657;5740;5740.1;0.9999825787007194
658;5980;5977.5;1.000418235048097
659;5590;5592.9;0.9994814854547731
660;5240;5240.65;0.9998759695839258
661;5180;5180.55;0.9998938336663096
662;5310;5308.8;1.0002260397830018
663;5300;5288.85;1.002108208778846
664;5920;5925.7;0.9990380883271175
665;5350;5353.85;0.9992808913211987
666;5020;5035.95;0.9968327723666836
667;5540;5540.45;0.9999187791605375
668;5820;5823.1;0.999467637512665
669;5600;5600.5;0.9999107222569413
670;5760;5758.55;1.0002517994981375
671;5560;5560.05;0.9999910072751144
672;5300;5299.3;1.0001320929179325
673;5410;5410.4;0.999926068312879
674;5930;5948.5;0.9968899722619148
675;5660;5660.75;0.9998675087223424
676;5380;5372.55;1.0013866785790733
677;5250;5261.1;0.9978901750584478
678;5490;5486.6;1.0006196916122918
679;5550;5551.95;0.9996487720530625
680;5410;5410.85;0.9998429082306846
681;5630;5628.8;1.0002131893121091
682;5570;5570.75;0.9998653682179239
684;5980;5977.75;1.0003763958010958
685;5760;5760.1;0.9999826391902917
686;5600;5600.05;0.99999107150829
687;5710;5709.8;1.0000350274965848
688;5510;5504.05;1.0010810221564121
689;5290;5290.05;0.9999905482934943
690;5290;5290.4;0.9999243913503706
691;5860;5859.95;1.000008532496011
692;5820;5821.2;0.9997938569367141
693;5290;5295.9;0.9988859306255784
694;5350;5383.8;0.993721906460121
695;5240;5240.85;0.9998378125685718
696;5360;5357.6;1.0004479617739286
697;5420;5423.1;0.9994283712267891
698;5410;5411.9;0.9996489218204329
699;5460;5458.35;1.0003022891533155
700;5850;5851.8;0.9996924023377421
703;5250;5247.8;1.0004192232935707
704;5480;5472.8;1.0013155971349217
705;5560;5559.7;1.0000539597460294
706;5530;5530.5;0.9999095922610975
707;5810;5808.8;1.0002065831152733
708;5560;5559.7;1.0000539597460294
709;5360;5358.9;1.0002052660060834
710;5860;5861.9;0.9996758730104575
711;5670;5669.9;1.0000176369953615
712;5640;5641.2;0.9997872793022762
713;5580;5575.8;1.000753255138276
714;5570;5568.9;1.0001975255436442
715;5900;5932.25;0.9945636141430317
716;5450;5449.45;1.0001009276165485
717;5580;5577.65;1.0004213243928894
718;6170;6145.0;1.0040683482506103
719;5740;5740.45;0.9999216089330976
720;5240;5260.55;0.9960935643611409
721;5580;5577.2;1.000502044036434
722;5810;5809.95;1.0000086059260407
723;5610;5608.65;1.0002406996336017
724;5670;5671.05;0.9998148491020181
726;5630;5630.1;0.9999822383261397
727;5750;5749.75;1.000043480151311
728;5960;5952.15;1.0013188511714255
729;5910;5910.6;0.9998984874632016
730;5250;5247.95;1.0003906287216913
731;5410;5410.95;0.9998244300908343
732;6090;6078.1;1.0019578486698144
733;5450;5449.5;1.0000917515368382
734;5700;5700.15;0.999973684903029
735;5380;5380.35;0.9999349484698951
736;5620;5620.95;0.999830989423496
737;5680;5680.0;1.0
739;5480;5476.9;1.000566013620844
740;5000;4997.7;1.0004602116973809
741;5460;5458.45;1.0002839633962022
742;5880;5879.4;1.0001020512297174
743;5390;5390.3;0.9999443444706231
744;5630;5629.4;1.000106583294845
745;5760;5649.0;1.0196494954859268
746;6150;6096.05;1.0088499930282724
747;5490;5478.5;1.0020991147211828
748;4800;4816.35;0.9966053131520757
749;5970;5969.6;1.0000670061645671
750;5720;5720.4;0.9999300748199427
751;5700;5700.05;0.9999912281471215
752;5770;5763.55;1.0011191019423793
753;5830;5830.0;1.0
754;6010;6019.8;0.9983720389381707
755;5880;5893.5;0.9977093407991855
756;6110;6108.05;1.0003192508247312
757;5830;5830.85;0.9998542236552131
760;5600;5600.0;1.0
761;5610;5610.2;0.9999643506470358
762;5690;5690.1;0.9999824256164215
763;5710;5711.95;0.9996586104570243
764;5820;5819.8;1.0000343654421113
765;6060;6059.75;1.0000412558273857
766;5220;5218.55;1.0002778549597109
767;5610;5610.5;0.9999108813831209
771;5840;5839.75;1.0000428100518002
772;5720;5719.85;1.0000262244639282
773;6040;6025.8;1.0023565335723057
774;5430;5392.05;1.0070381394831278
775;6090;5992.3;1.0163042571299834
776;5890;5877.7;1.0020926552903346
777;5130;5136.7;0.998695660638153
778;5850;5849.3;1.0001196724394372
779;5250;5248.0;1.0003810975609757
780;5440;5435.8;1.0007726553589167
781;5870;5868.6;1.0002385577480148
782;5670;5610.95;1.0105240645523486
783;5610;5610.3;0.9999465269236939
784;5650;5650.5;0.9999115122555526
785;6410;6367.65;1.0066508052421224
786;5260;5256.15;1.0007324752908497
787;5890;5891.35;0.9997708504841843
788;5890;5890.7;0.9998811686217258
789;5740;5739.65;1.000060979328008
790;5770;5769.75;1.0000433294336843
791;5290;5292.65;0.9994993056408417
792;5440;5438.45;1.0002850076768197
793;5890;5888.7;1.0002207617980199
794;5430;5428.25;1.0003223875097869
795;5220;5219.45;1.0001053750874134
796;5460;5459.1;1.0001648623399462
798;5150;5126.45;1.0045938222356603
799;5020;5037.45;0.9965359457662111
802;5280;5277.75;1.0004263180332529
803;5490;5485.95;1.0007382495283406
804;5690;5690.15;0.9999736386562745
805;5440;5442.0;0.9996324880558618
806;5740;5740.75;0.9998693550494273
807;5370;5368.75;1.00023282887078
808;5160;5162.3;0.9995544621583402
809;5780;5780.15;0.9999740491163724
810;5340;5339.4;1.0001123721766492
811;5380;5380.3;0.9999442410274519
812;5710;5710.0;1.0
813;5520;5520.05;0.9999909421110316
814;5520;5520.4;0.9999275414825013
815;5760;5761.25;0.999783033195921
816;5500;5500.9;0.9998363904088422
817;5460;5456.25;1.0006872852233677
818;5740;5740.1;0.9999825787007194
819;5910;5911.95;0.9996701595920128
820;4890;4883.5;1.001331012593427
821;6010;5987.6;1.0037410648673926
822;5340;5339.2;1.0001498351813005
823;5820;5820.25;0.9999570465186204
824;5760;5759.95;1.0000086806309083
825;6000;6000.25;0.9999583350693722
826;5950;5951.85;0.9996891722741668
827;5700;5700.0;1.0
828;5710;5710.2;0.9999649749570944
829;5570;5568.15;1.0003322467965123
830;5450;5448.8;1.0002202319776832
831;6040;6040.2;0.9999668885136254
832;6230;6233.95;0.9993663728454671
833;4970;4971.9;0.9996178523300953
834;5690;5689.9;1.0000175750013183
836;5800;5800.4;0.9999310392386732
837;5800;5800.2;0.9999655184303989
838;5700;5678.6;1.0037685344979397
839;5940;5945.55;0.9990665287483916
840;5160;5159.75;1.0000484519598818
841;5430;5430.35;0.9999355474324859
842;5680;5679.9;1.0000176059437667
843;5390;5388.1;1.0003526289415563
844;5670;5669.95;1.0000088184199156
845;5570;5571.1;0.9998025524582218
846;5670;5670.25;0.9999559102332348
847;5800;5800.4;0.9999310392386732
848;5560;5559.9;1.000017985934999
849;5690;5690.65;0.9998857775473804
850;5640;5640.9;0.999840450991863
851;5700;5700.0;1.0
852;5790;5790.15;0.9999740939353904
853;5730;5731.6;0.9997208458371135
854;6010;6019.9;0.9983554544095418
855;5890;5922.6;0.994495660689562
856;5800;5800.65;0.9998879435925285
857;5650;5650.1;0.9999823011982089
858;5870;5869.9;1.0000170360653504
859;5560;5559.55;1.0000809418028438
860;5710;5708.25;1.000306573818596
861;5500;5503.15;0.9994276005560453
862;5400;5396.85;1.0005836738097222
863;5510;5509.8;1.0000362989582199
864;5880;5902.8;0.9961374263061598
865;5350;5355.5;0.998973018392307
866;5710;5710.1;0.9999824871718533
867;5230;5231.9;0.9996368432118352
868;5660;5660.8;0.9998586772187676
869;5580;5578.65;1.000241994030814
870;5620;5620.25;0.9999555179929719
871;5640;5651.2;0.9980181200453001
872;5720;5720.15;0.9999737769114447
873;5700;5707.15;0.998747185547953
874;5490;5488.55;1.0002641863515864
875;5730;5731.25;0.9997818974918211
876;5630;5619.5;1.001868493638224
877;6220;6220.3;0.9999517708149125
878;5790;5790.0;1.0
879;5650;5655.1;0.9990981591837456
880;5960;5962.55;0.9995723306303511
881;5970;5990.7;0.9965446441985077
882;5260;5259.0;1.0001901502186727
883;5550;5552.35;0.9995767557880897
884;5450;5450.25;0.9999541305444705
887;5910;5914.45;0.9992476054409117
888;5860;5860.0;1.0
889;5910;5914.95;0.9991631374736896
890;5390;5390.8;0.9998515990205535
891;5680;5680.15;0.9999735922466837
892;5310;5310.0;1.0
893;5280;5271.3;1.001650446758864
894;5340;5336.55;1.000646485088681
895;5890;5889.9;1.0000169782169477
896;5870;5870.55;0.9999063120150582
897;5870;5869.3;1.0001192646482544
898;5820;5819.1;1.0001546630922307
899;5310;5310.35;0.9999340909732879
900;5260;5260.0;1.0
901;5550;5552.4;0.9995677544845473
902;5400;5397.9;1.0003890401822932
903;5510;5509.9;1.0000181491497124
904;5690;5690.0;1.0
905;5270;5261.55;1.0016059906301376
906;5510;5509.85;1.0000272239716144
907;5860;5860.0;1.0
908;5580;5576.45;1.000636605725865
909;5420;5416.9;1.0005722830401154
910;5360;5355.05;1.0009243611170764
911;5210;5206.15;1.000739510002593
912;6150;6117.35;1.0053372783966914
913;5700;5700.15;0.999973684903029
914;5790;5789.85;1.0000259074069275
915;5410;5410.2;0.9999630327899154
916;5690;5690.1;0.9999824256164215
917;5640;5640.3;0.9999468113398223
918;5720;5720.05;0.9999912588176676
919;5450;5449.3;1.0001284568660194
920;5660;5660.35;0.9999381663678041
921;5500;5491.65;1.0015204901987564
922;5540;5538.7;1.0002347121165618
923;6020;6025.05;0.9991618326818864
924;5580;5577.7;1.0004123563475984
925;5630;5629.9;1.0000177623048367
926;5490;5489.0;1.000182182546912
927;5600;5599.75;1.0000446448502165
928;5850;5849.55;1.000076928994538
929;5860;5859.5;1.0000853315129277
930;5820;5819.25;1.0001288825879624
931;5880;5889.45;0.9983954359065788
932;5490;5487.6;1.000437349661054
933;5600;5598.65;1.0002411295580185
934;5690;5690.2;0.9999648518505501
935;5470;5469.7;1.0000548476150428
936;5160;5162.35;0.9995447809621586
937;5260;5255.25;1.0009038580467151
938;5510;5510.35;0.9999364831635014
939;5340;5337.15;1.0005339928613586
940;5750;5752.95;0.999487219600379
941;5670;5670.15;0.9999735456733949
942;5710;5708.7;1.0002277225988403
943;5410;5410.5;0.9999075870991591
944;5750;5750.1;0.9999826089981043
945;5400;5400.35;0.9999351893858731
946;5270;5266.6;1.000645577792124
947;5180;5180.3;0.9999420882960446
948;5850;5850.1;0.9999829062751063
949;5450;5450.3;0.9999449571583215
950;5340;5335.1;1.0009184457648403
951;5450;5447.25;1.000504841892698
952;5370;5369.85;1.000027933741166
953;5470;5470.85;0.9998446310902327
954;5100;5114.6;0.9971454268173463
955;5260;5259.7;1.0000570374736202
956;5340;5339.5;1.0000936417267534
957;5650;5651.35;0.9997611190246578
958;5780;5780.45;0.9999221513895977
959;5580;5575.7;1.0007712036156895
960;5680;5680.75;0.9998679751793337
961;5580;5578.7;1.0002330292003514
962;5780;5778.85;1.0001990015314466
963;5560;5559.5;1.0000899361453368
964;5830;5818.1;1.0020453412626114
965;5880;5878.85;1.0001956164896195
966;5600;5600.2;0.9999642869897504
967;5760;5760.55;0.9999045230056157
968;5710;5711.85;0.9996761119427156
969;5780;5779.45;1.0000951647648133
970;5590;5590.4;0.9999284487693189
971;5460;5460.05;0.9999908425747016
972;5460;5459.8;1.0000366313784388
973;5450;5450.05;0.9999908257722406
974;5730;5730.9;0.9998429566036748
975;5560;5560.1;0.9999820147119656
976;5920;5922.2;0.9996285164297052
977;5280;5277.65;1.0004452739382113
978;5710;5710.25;0.9999562190797251
979;5630;5629.5;1.0000888178346212
980;5820;5819.9;1.0000171824258148
981;5670;5658.75;1.0019880715705765
982;5600;5600.25;0.9999553591357528
983;5470;5469.8;1.000036564408205
984;5780;5780.25;0.9999567492755503
985;5770;5770.85;0.9998527080066194
986;5410;5410.9;0.999833669075385
987;5720;5719.65;1.0000611925554885
988;5790;5790.25;0.9999568239713311
989;5720;5719.45;1.000096163092605
990;5380;5379.95;1.0000092937666707
991;5520;5519.8;1.0000362331968549
992;5350;5344.3;1.00106655689239
993;5520;5520.6;0.9998913161612868
994;5510;5510.25;0.9999546300077129
995;5480;5477.0;1.0005477451159395
996;6110;6107.1;1.0004748571335003
997;5630;5630.0;1.0
998;5660;5660.6;0.9998940041691693
999;5740;5740.0;1.0
