fazenda;fb.total;gmd;iep;mortalidade;mort_inicial;vazio;ef_microb;classificacao;densidade;caaj
1000;5700;72;380;7,4;1,1;16;50;3;14;1,72
1001;5590;70;370;6,2;0,9;17;40;4;14;1,771
1002;5540;70;370;6,7;0,9;17;30;4;14;1,804
1003;5840;70;370;8,3;0,8;18;50;2;14;1,741
1004;5900;71;380;7,4;0,9;18;50;2;14;1,757
1005;5670;73;400;5,1;0,6;15;70;4;13;1,695
1006;5860;68;360;5;1;16;70;4;14;1,784
1007;6070;72;380;6,8;0,7;17;90;3;14;1,725
1008;5370;69;370;6,7;0,8;17;10;3;14;1,764
1009;5820;67;350;7,3;0,7;17;20;3;13;1,82
101;6250;70;360;6,8;0,9;16;60;3;13;1,792
1010;5570;72;390;6,8;0,8;17;30;2;14;1,717
1011;5450;71;400;5,1;0,8;16;40;4;14;1,694
1012;5370;70;350;10,7;1,5;17;90;4;13;1,798
1013;5560;71;350;9,8;1,5;17;70;4;14;1,779
1014;6010;70;370;6,2;0,6;17;50;3;12;1,759
1015;5660;71;400;5,7;0,6;17;60;2;12;1,7
1016;5300;70;380;5,6;0,8;16;20;3;14;1,74
1017;5470;70;380;6,8;1,6;16;50;3;14;1,712
1018;5810;75;410;5,6;0,8;17;10;3;13;1,698
1019;5710;70;370;7,1;0,8;17;60;4;14;1,751
102;5790;72;370;8,3;0,8;16;70;3;14;1,768
1020;5490;69;370;5,4;0,7;16;70;3;14;1,771
1021;5400;71;360;7,4;0,8;17;70;3;14;1,801
1022;5850;68;350;6,6;1,1;16;60;4;14;1,798
1023;5260;70;360;7;0,6;17;80;4;13;1,782
1024;5910;76;430;4,6;0,8;16;10;2;9;1,624
1025;5750;72;400;4,3;0,7;17;40;4;14;1,698
1026;5520;72;390;5,6;1,2;18;30;5;14;1,725
1027;4950;72;380;8,8;0,9;18;50;3;14;1,745
1028;5170;69;380;7,6;0,9;17;60;2;14;1,762
1029;5330;71;370;6,3;0,9;18;60;3;14;1,772
103;6240;74;400;6,5;1,3;15;40;3;13;1,651
1030;5380;71;380;8,8;1;18;70;2;13;1,75
1031;5610;75;400;6,8;2,2;16;20;5;13;1,711
1032;5920;74;420;6,3;1,7;18;70;3;13;1,642
1033;5950;73;410;6,9;1,2;19;50;3;13;1,655
1034;5640;72;380;6,8;0,8;19;80;4;14;1,711
1035;5980;72;390;6,8;0,6;16;10;3;14;1,692
1036;5760;71;390;3,8;0,7;16;20;4;13;1,742
1037;5630;71;380;5,2;0,8;17;30;4;13;1,761
1038;5930;71;390;6;0,7;17;80;4;14;1,709
1039;5680;68;360;7;0,9;16;60;4;14;1,775
104;5530;69;380;6,3;0,9;17;30;3;13;1,742
1040;6200;72;380;7,3;0,8;17;60;4;14;1,739
1041;5870;71;380;5,7;1;17;50;4;14;1,747
1042;5810;71;380;6,9;1;17;70;4;14;1,745
1043;6270;69;370;7;1,1;17;40;4;14;1,758
1044;5890;70;330;11,2;1,9;16;50;2;14;1,839
1045;5780;70;350;10,6;2;16;50;2;14;1,771
1046;5910;74;400;5,8;1;16;60;5;14;1,69
1047;5960;74;400;6,4;0,9;16;40;5;14;1,665
1048;5560;72;400;6,3;1,3;17;70;5;14;1,678
1049;5830;75;420;5;0,6;17;10;3;13;1,673
105;5470;68;360;6,1;1,3;16;20;3;13;1,792
1050;5530;71;390;6,3;0,5;17;70;4;14;1,735
1051;5810;73;410;6,7;1;16;40;4;12;1,681
1052;5660;72;400;6,4;0,9;17;30;4;12;1,683
1053;5800;73;410;6,3;0,8;16;40;3;12;1,689
1054;5760;74;410;6,2;0,8;16;40;4;12;1,671
1055;5520;72;400;5,8;0,9;17;60;4;12;1,698
1056;5570;73;400;6,9;0,8;16;60;3;12;1,683
1057;5470;68;360;5,9;1,8;16;70;1;14;1,746
1058;5320;69;380;6,7;1,9;16;70;2;14;1,748
1059;5900;76;440;4,3;0,8;18;20;6;9;1,605
1060;5860;71;390;7,4;0,7;17;30;3;14;1,753
1061;5730;73;390;5,7;1;18;20;4;14;1,712
1062;5490;71;380;5,1;0,9;16;20;4;14;1,723
1063;5510;67;360;4,9;0,8;17;70;3;14;1,807
1064;5600;70;370;6,8;1;16;60;4;13;1,756
1065;5370;73;390;6,4;1,4;17;50;4;14;1,685
1066;5850;71;360;8,5;1;16;70;4;14;1,774
1067;5580;69;360;6,6;1,6;15;60;4;14;1,766
1068;5570;73;410;5,1;0,9;17;20;4;14;1,67
1069;5740;72;400;5,5;1;17;50;4;13;1,717
107;5970;74;410;5,4;1,2;18;10;3;12;1,652
1073;6080;70;370;7,3;0,8;15;60;4;14;1,75
1074;6110;70;370;8,7;0,8;15;50;4;14;1,736
1075;5690;71;380;5,7;1,1;16;40;5;14;1,762
1076;5660;70;370;4,9;0,9;16;30;5;14;1,74
1077;5330;70;380;6,1;0,8;17;80;3;14;1,749
1078;4890;70;380;5,5;1,2;17;50;3;14;1,725
1079;5080;70;370;6,7;1;17;60;3;14;1,738
108;5660;70;350;5,9;0,9;16;40;3;14;1,808
1080;5140;70;390;5,9;0,9;17;60;4;14;1,731
1081;5310;71;390;5,1;0,9;19;50;4;14;1,712
1082;5350;71;420;4,3;0,8;19;80;4;14;1,671
1083;5840;69;370;6,8;0,8;16;10;5;14;1,771
1084;5800;73;400;6,5;0,8;18;50;4;13;1,712
1085;5650;73;400;5,8;1;17;60;5;14;1,695
1086;5790;72;390;5,4;0,6;18;30;3;14;1,715
1087;5760;69;350;5,3;0,8;15;40;4;14;1,775
1088;5180;68;360;6,3;1;18;60;5;14;1,771
1089;5410;70;370;7,4;0,8;17;40;4;14;1,802
1090;6040;73;400;4,9;0,8;16;50;4;14;1,719
1091;5820;68;380;5,7;0,8;19;60;4;14;1,808
1092;5700;68;360;7,3;0,8;19;50;5;14;1,786
1093;5800;68;370;7;0,8;19;70;5;14;1,758
1094;5750;70;370;6,9;0,6;16;100;5;14;1,76
1095;5800;70;370;7,3;0,7;15;60;5;14;1,752
1096;5660;71;330;10,6;0,7;18;90;5;13;1,803
1097;5740;72;400;3,9;0,7;18;60;4;14;1,711
1098;5760;72;380;7;1;18;10;5;14;1,756
1099;5410;69;380;4,7;1;16;40;4;13;1,769
110;5870;69;360;5,6;0,4;18;50;3;13;1,839
1100;4980;67;340;8;2,1;16;40;3;13;1,805
1101;5140;66;340;7;1,6;16;20;3;14;1,812
1102;5820;75;410;6,1;1;17;30;4;14;1,646
1103;5770;74;400;6,3;1;17;60;4;14;1,671
1104;5830;75;400;6,2;0,9;17;70;4;14;1,679
1105;5740;73;400;7,6;0,8;17;30;4;14;1,718
1106;5600;68;380;6,7;1,4;18;40;5;14;1,724
1107;6000;74;410;6,3;0,8;16;30;3;14;1,651
1108;5860;72;390;7,3;1,1;17;70;3;14;1,703
1109;5450;71;400;5,7;0,7;15;50;3;14;1,698
111;5820;70;360;6,8;0,5;17;60;3;12;1,763
1110;5990;71;370;8,7;0,7;15;60;3;14;1,73
1111;5560;69;360;7,1;0,8;17;70;5;14;1,775
1112;5650;70;350;8,4;1,2;16;40;5;14;1,773
1113;5880;73;410;5,5;0,7;17;30;4;14;1,638
1114;5900;73;420;5,1;0,9;18;40;4;14;1,674
1115;6200;73;400;6,1;0,9;18;40;4;14;1,712
1116;5380;68;370;5,6;0,7;17;50;5;14;1,772
1117;5510;70;350;8,2;1,1;17;60;5;15;1,783
1118;5570;69;360;8,1;1,2;17;70;5;15;1,813
1119;6280;71;360;8,9;0,8;15;60;5;14;1,785
112;5500;70;390;7,4;0,9;16;60;4;14;1,727
1120;5650;70;380;5,4;1;17;30;5;14;1,751
1121;5510;73;400;7;1,2;17;30;6;14;1,697
1122;5840;74;400;6,6;1;16;50;5;14;1,684
1123;5840;75;410;6,4;1,1;16;40;5;14;1,676
1124;5650;72;380;8,5;1;16;80;5;14;1,71
1125;5420;72;400;4;1,1;17;40;4;14;1,722
1126;5430;67;360;6,9;0,6;15;60;5;14;1,779
1127;5780;70;350;7,8;1;16;60;5;14;1,84
1128;5600;67;350;7,8;0,8;17;60;5;14;1,865
1129;5990;72;390;6,2;0,9;16;70;5;14;1,689
113;5530;73;400;6,1;1;18;60;3;13;1,707
1130;5950;73;390;6,7;0,8;15;70;5;14;1,71
1131;5670;72;390;6,1;0,6;16;30;4;14;1,715
1132;5280;70;380;5;0,9;17;80;3;14;1,737
1133;5650;72;380;6,7;0,9;16;70;5;14;1,723
1134;5790;71;390;7;1;16;60;5;14;1,717
1135;5600;71;380;4,7;0,7;17;10;5;14;1,738
1136;5930;72;390;5,6;0,6;16;20;5;14;1,733
1137;5300;70;380;5,9;1,4;16;70;4;14;1,7
1138;5400;72;390;6,1;1,3;16;50;4;14;1,708
1139;5390;72;390;7,1;1,4;16;50;4;14;1,7
114;5640;72;370;6,6;0,6;17;70;3;13;1,795
1140;5980;75;400;7,3;1;16;40;5;14;1,702
1141;5380;73;410;4;0,7;16;10;6;14;1,684
1142;5590;72;390;5,6;0,9;16;10;5;14;1,719
1143;5700;73;400;4,6;0,8;15;20;6;14;1,72
1144;5440;71;390;7;0,9;17;60;5;14;1,734
1145;5690;72;410;4,8;1;17;30;6;14;1,664
1146;5560;65;350;5,9;0,6;16;50;5;14;1,807
1147;5360;72;410;4,1;0,9;18;10;6;14;1,722
1148;5540;71;390;6,1;0,7;17;60;5;14;1,707
1149;5740;71;380;5,8;0,5;15;70;4;14;1,76
115;5560;72;360;8,9;1,1;16;50;3;14;1,748
1150;5850;73;390;6,7;0,6;15;60;4;14;1,727
1151;5360;72;410;5,2;1,2;17;30;6;14;1,643
1152;5820;74;400;5,6;1,1;17;30;6;14;1,663
1153;5470;71;390;6,2;1;17;40;5;14;1,677
1154;5690;72;390;7,2;0,9;17;40;6;14;1,686
1155;5530;72;410;5;1,3;17;30;5;14;1,666
1156;5480;73;400;4,5;0,6;16;80;5;14;1,677
1157;5360;72;400;6,1;1,2;16;50;5;14;1,695
1158;5530;71;390;6,4;1,6;16;20;5;14;1,7
1159;5760;71;390;6,3;1;17;60;5;14;1,685
1160;5850;72;410;4,1;0,7;17;40;5;12;1,671
1161;5990;72;410;4;0,7;17;20;5;13;1,661
1162;5620;72;390;6,2;0,8;18;50;6;14;1,707
1163;5350;71;380;7,2;0,9;18;50;5;14;1,72
1164;5720;71;390;6,7;0,8;18;70;5;14;1,721
1165;5460;72;400;7,3;0,8;18;50;5;14;1,695
1166;5670;71;390;5,6;0,6;16;60;5;14;1,735
1167;5760;72;390;4,9;0,5;16;50;5;14;1,727
1168;5710;72;400;5,5;1;16;40;5;14;1,719
1169;5890;72;390;5,2;0,9;16;50;5;14;1,736
117;5170;69;370;6,4;1;14;50;1;15;1,771
1170;5820;71;400;5;0,7;16;60;5;14;1,694
1171;5630;72;400;5,9;0,8;16;30;5;14;1,689
1172;5910;72;400;5,2;0,8;16;50;5;14;1,692
1173;5490;72;380;6,9;1,1;17;30;5;14;1,72
1174;5700;70;370;6,6;0,8;17;60;4;14;1,728
1175;5750;73;400;4,1;0,9;17;10;6;14;1,677
1176;5690;73;400;5,3;0,8;17;10;6;14;1,69
1177;5780;72;410;4,5;1;17;30;6;14;1,633
1178;5790;70;380;7,4;0,7;15;90;5;14;1,742
1179;5760;72;390;7,1;0,8;17;80;4;14;1,745
118;5510;73;400;4,7;1;16;0;4;14;1,652
1180;5580;73;390;6,3;1,4;17;20;4;14;1,683
1181;6000;70;360;10,4;0,9;17;50;5;14;1,744
1182;5560;69;360;9,3;0,9;17;60;5;14;1,734
1183;5820;72;390;5,7;0,9;17;50;5;14;1,684
1184;5800;72;400;7,1;1;16;40;5;14;1,692
1185;5820;71;380;7,3;0,8;16;50;5;14;1,715
1186;5860;74;400;5;0,7;17;60;5;14;1,681
1187;5900;73;410;4,3;0,6;16;60;5;14;1,681
1188;5900;74;400;5,3;0,7;16;40;6;14;1,665
1189;5800;73;400;4,8;0,7;17;60;6;14;1,694
1190;5530;69;370;7;0,7;17;80;5;13;1,738
1191;5920;71;370;9,6;0,9;16;60;5;14;1,763
1192;5790;69;370;7,5;1;16;40;5;14;1,742
1193;5470;72;390;7,1;0,8;16;20;5;14;1,712
1194;5450;71;400;6,7;0,8;16;30;5;14;1,681
1195;5690;74;370;8,2;0,8;16;30;5;14;1,702
1196;5920;72;380;7,7;1,1;15;10;5;14;1,7
1197;5550;71;380;6,9;1,3;16;40;5;14;1,719
1198;5740;71;370;8;0,8;17;60;5;14;1,757
1199;5430;70;390;4,4;0,8;17;80;5;14;1,714
120;5260;69;380;5,5;1,3;17;20;2;14;1,713
1200;5330;70;400;4,8;0,7;17;60;5;14;1,711
1201;5500;70;390;6;0,8;16;50;5;14;1,706
1202;5600;72;400;7,2;1;16;70;5;14;1,668
1203;5370;70;380;5,9;0,8;18;50;5;14;1,732
1204;5420;71;370;6,9;0,7;18;70;5;14;1,769
1205;5410;75;420;5,2;1,3;17;20;5;14;1,671
1206;5500;72;400;4,3;0,6;17;80;5;14;1,685
1207;5430;72;400;4;0,6;17;60;5;14;1,688
1208;6050;70;380;6,8;0,9;16;80;5;14;1,708
1209;6010;70;370;8,4;0,9;17;70;5;14;1,723
121;6070;70;360;7;0,7;16;30;2;13;1,787
1210;5530;71;390;4,4;0,9;17;60;5;13;1,734
1211;5610;72;380;6,9;0,9;17;40;5;13;1,736
1212;5860;70;370;5,8;0,9;16;20;5;13;1,741
1213;5540;73;400;7,1;0,5;17;10;5;14;1,705
1214;5650;71;380;7,1;0,7;17;30;5;14;1,733
1215;5450;72;390;7,6;1;16;60;4;14;1,713
1216;5900;72;390;6,8;1;16;40;5;14;1,675
1217;5780;73;400;5,8;1;15;60;5;14;1,665
1218;5670;71;390;6,2;0,8;16;60;5;14;1,709
1219;5820;72;390;6,5;0,9;16;50;5;14;1,701
122;5800;72;400;4,9;0,6;18;40;2;13;1,7
1220;5650;73;400;5,4;0,6;16;20;5;14;1,692
1221;5670;73;410;4,8;0,7;16;50;5;14;1,675
1222;5750;74;410;6,3;1;16;40;5;14;1,668
1223;5930;73;410;5,4;0,8;18;20;6;14;1,659
1224;5680;74;400;6,1;1;18;10;5;14;1,679
1225;5560;73;390;7,1;0,9;18;40;5;14;1,687
1226;5860;70;360;5,8;1;16;50;5;14;1,771
1227;5690;72;380;5,2;1,7;16;30;5;14;1,717
1228;5910;73;380;5;1,4;16;30;5;14;1,714
1229;5810;71;390;4,5;1,6;16;40;5;14;1,755
123;5630;71;380;5;0,8;16;40;2;13;1,774
1230;5700;72;400;3,4;1,6;16;10;5;14;1,706
1231;5900;73;400;6,4;0,8;16;10;5;14;1,69
1232;5520;73;410;5,3;0,7;16;20;5;14;1,663
1233;5850;72;380;6,8;0,7;15;30;4;14;1,701
1234;5590;72;400;4,9;0,8;15;10;6;14;1,673
1235;5950;70;360;7,2;0,9;17;70;5;14;1,788
1236;5480;70;390;6,8;1;17;60;5;14;1,732
1237;5470;71;380;5,6;0,8;16;50;4;14;1,74
1238;5300;71;400;5,3;0,7;16;70;4;14;1,688
1239;5320;71;390;5,8;1;16;50;4;14;1,701
124;5850;69;360;7,2;0,8;17;80;4;14;1,821
1240;5390;72;390;5,9;1;16;50;4;14;1,691
1241;5460;70;390;5,3;1,3;18;80;5;14;1,694
1242;5600;72;380;6,2;1,2;18;20;5;14;1,741
1243;5420;72;400;5,4;1;17;40;5;14;1,688
1244;5680;70;380;5,7;0,8;16;30;4;14;1,747
1245;6070;72;390;5,5;0,7;16;30;5;14;1,733
1246;5510;71;370;7,8;1,1;17;60;5;14;1,747
1247;5730;68;360;6,4;1;15;40;5;14;1,771
1248;5380;69;370;6,8;1,1;16;60;4;14;1,743
1249;5630;69;360;7,8;1,2;16;80;4;14;1,781
125;5260;72;390;6,5;0,9;17;70;3;12;1,74
1250;5630;72;400;5,6;0,9;17;20;6;14;1,698
1251;5610;72;390;5,3;0,8;17;30;6;14;1,706
1252;5500;71;390;5,8;0,8;16;60;6;14;1,721
1253;5680;72;400;6,1;0,9;16;60;5;14;1,714
1254;5950;74;390;7,7;1,4;15;70;6;13;1,686
1255;5730;73;390;7,6;1,4;15;90;5;13;1,711
1256;5650;73;380;7,2;1,4;15;90;5;13;1,714
1257;5740;74;410;7,6;1,8;15;90;6;13;1,666
1258;5780;73;390;7;0,9;16;20;3;14;1,679
1259;5850;73;390;5,5;0,8;16;20;4;14;1,728
126;5460;72;390;6;0,9;17;60;3;12;1,716
1260;5530;72;390;5,9;1;16;10;5;14;1,723
1261;5670;74;400;7,1;0,9;16;50;5;14;1,682
1262;5900;73;390;6,8;0,8;15;40;5;14;1,656
1263;5820;74;400;7,4;0,8;16;20;5;14;1,668
1264;5800;72;380;8,1;1,1;16;50;5;14;1,715
1265;5810;71;380;6,4;0,8;16;40;5;14;1,709
1266;5850;72;390;6,6;1;16;20;5;14;1,691
1267;5660;73;400;4,5;0,5;16;20;5;14;1,682
1268;5720;71;350;7,8;0,6;16;70;5;14;1,827
1269;5820;70;360;7,9;0,9;16;20;5;14;1,782
127;5160;69;360;6,5;1,1;16;90;4;13;1,781
1270;5600;72;390;5,8;0,4;15;60;5;14;1,692
1271;5940;72;400;7,3;1,2;16;20;5;14;1,68
1272;5720;72;380;7,6;1;16;10;5;14;1,699
1273;5700;72;390;8,6;1,1;16;10;5;14;1,728
1274;5660;72;380;7,8;1,1;17;10;5;14;1,725
1275;5930;73;380;8,2;1,2;15;60;5;14;1,698
1276;5950;72;370;8,8;1,2;15;30;5;14;1,73
1277;5850;71;380;7,5;1;15;40;5;14;1,711
1278;6060;72;390;8,6;0,8;15;70;5;14;1,688
1279;5740;72;400;6,6;0,7;16;20;5;14;1,673
1280;5670;73;400;6,2;0,9;15;30;6;14;1,673
1281;5800;74;380;10;0,7;15;30;5;14;1,728
1282;6100;74;380;9,8;1;15;20;5;14;1,702
1283;5890;72;390;7,1;1,2;15;20;5;14;1,694
1284;5770;72;380;7,7;1,2;15;20;5;14;1,701
1285;5980;73;380;7,9;0,6;16;50;4;14;1,74
1286;5670;72;390;5,9;0,5;16;60;4;14;1,733
1287;5680;72;400;4,8;0,6;16;80;4;14;1,709
1288;5660;71;400;4,8;0,5;16;40;5;14;1,705
1289;5430;71;380;5,2;0,9;15;80;5;14;1,749
129;5800;73;380;7,4;0,7;16;60;2;13;1,704
1290;5630;71;390;7,1;1;16;80;5;14;1,752
1291;5780;72;420;4,5;0,7;17;20;5;14;1,638
1292;5630;72;390;6,6;0,9;16;50;5;14;1,726
1293;6450;77;430;5,7;1,1;16;20;6;9;1,63
1294;5720;74;410;4,3;0,8;16;10;5;14;1,702
1295;5710;74;380;5,6;0,8;16;60;5;13;1,752
1296;5480;72;400;6;1;16;20;5;14;1,686
1297;5600;74;400;5,7;1,3;16;70;5;14;1,707
1298;5430;73;400;7,6;0,8;18;60;5;14;1,678
1299;5280;73;400;5,5;0,6;18;60;5;14;1,665
130;5940;72;390;6;0,8;16;60;2;13;1,702
1300;5600;72;400;6,5;0,9;16;10;5;14;1,661
1301;5420;71;390;6,6;0,9;15;20;5;14;1,719
1302;5600;75;390;8,1;1,7;17;50;3;13;1,66
1303;5400;72;410;5,1;1,8;15;80;5;14;1,672
1304;6340;74;410;4,6;0,8;17;40;5;13;1,699
1305;5860;75;390;10,4;1,7;14;90;4;13;1,686
1306;5700;75;390;11,4;0,9;14;90;4;13;1,699
1307;5390;70;380;5,6;1,2;15;20;5;14;1,685
1308;6260;72;380;6,6;1,3;15;40;6;14;1,779
1309;5810;70;390;7,6;1,1;15;60;6;14;1,707
131;5360;64;330;6,6;1,6;15;80;4;14;1,872
1310;5640;71;370;8,6;0,4;15;0;5;13;1,72
1311;5750;72;390;5,4;0,4;15;70;5;13;1,732
1312;5590;71;360;4,3;0,4;15;100;5;13;1,764
1313;5660;71;380;6,6;0,4;15;100;4;13;1,749
1314;5740;75;430;4,3;0,6;14;100;4;14;1,629
1315;4650;73;420;4,6;1,4;14;0;5;14;1,646
1316;5030;73;430;4;1,2;14;0;4;14;1,66
132;5410;70;380;6,5;0,6;17;70;3;13;1,734
133;5570;71;380;8,2;1;17;30;2;14;1,726
134;5850;71;390;8,6;1,9;16;60;4;14;1,719
135;5620;72;400;6,5;1,9;16;70;4;14;1,663
136;5390;64;330;7,8;2;16;30;4;13;1,779
137;5570;72;390;7,4;1,2;16;20;3;13;1,69
138;5460;69;370;5,6;0,7;17;20;3;12;1,794
139;4990;66;350;7;2,3;16;0;2;13;1,787
140;5840;68;360;6,4;1;16;70;2;13;1,757
141;5730;71;390;6,2;1,5;18;20;3;13;1,696
142;5320;68;350;8;1,3;16;70;4;14;1,777
143;5910;70;360;6,2;1,4;17;50;4;14;1,735
144;5140;65;350;6,8;1,8;16;40;3;12;1,822
145;5140;67;370;6,1;1,5;17;30;3;12;1,774
147;5450;74;410;5,4;1,1;18;30;3;13;1,656
148;5630;72;390;6;1;18;30;3;13;1,684
149;5560;71;380;7,7;1,5;17;50;2;14;1,723
150;6200;72;360;10,7;1,4;17;60;4;14;1,734
151;5960;72;400;5,5;1,2;16;10;2;12;1,678
152;5630;72;400;5,6;1,4;16;0;2;12;1,677
153;5700;69;360;5,9;0,8;17;60;4;12;1,771
154;5780;70;350;7,5;0,9;17;60;4;14;1,788
155;6070;70;360;5,7;0,9;17;60;3;14;1,747
156;5780;69;360;6,7;0,8;17;10;3;13;1,827
157;5650;72;390;6,2;1;16;50;3;13;1,693
158;5600;70;380;7,2;1,7;18;40;4;14;1,729
159;5330;73;400;6,4;1,5;16;50;3;14;1,635
160;5590;70;380;6,3;0,8;15;10;4;14;1,756
161;5530;74;400;7,9;1,5;16;60;3;13;1,694
162;5510;70;390;5,3;0,8;17;60;2;13;1,728
163;5390;71;370;5,9;0,9;18;0;3;12;1,791
164;5870;72;390;5,3;0,7;17;30;2;13;1,719
165;5120;72;400;5,8;0,9;17;30;4;14;1,68
166;5410;73;430;4,3;1;17;10;3;14;1,631
167;5490;70;370;6,5;1,9;18;40;3;13;1,767
168;5400;69;360;5,8;1,4;18;10;1;12;1,789
169;5080;69;370;5,4;1;18;80;4;14;1,75
170;5060;71;390;5,5;1,2;17;30;5;14;1,715
171;5190;73;400;5,3;1,4;17;60;5;14;1,663
172;5610;69;350;7,4;0,8;16;20;3;14;1,8
181;5570;72;380;6,4;1,5;16;20;3;14;1,652
182;6000;71;400;5,7;1,1;16;40;3;14;1,651
183;6340;72;360;5,8;0,8;16;30;4;14;1,785
184;5620;71;380;8,2;1,4;17;30;2;14;1,737
185;5380;74;390;8,3;0,8;16;40;3;13;1,698
186;5650;71;370;8,2;0,8;17;70;3;13;1,73
188;5650;74;400;5;0,9;16;30;2;14;1,65
189;5780;73;400;5,4;1,2;17;50;2;13;1,665
190;5210;71;380;7,2;0,8;16;70;3;14;1,702
191;5450;67;350;6,3;1;16;20;3;13;1,822
192;6130;72;410;5,8;0,7;17;40;3;13;1,7
193;5610;69;370;6,7;0,5;17;60;2;12;1,783
194;5800;69;350;8;0,9;17;50;2;12;1,838
195;5780;72;380;6,3;0,8;16;40;3;12;1,723
196;5050;71;390;6,1;1,5;17;50;3;13;1,687
197;5390;71;380;6,2;1,2;16;60;4;14;1,688
198;5760;67;370;4,2;1,3;15;30;4;12;1,768
200;5350;68;360;6,5;0,5;20;40;4;12;1,748
201;5450;70;380;6,5;0,9;18;90;3;13;1,747
202;5380;71;400;5;1,7;16;70;4;14;1,69
203;5110;69;390;5,7;1,5;15;50;4;14;1,722
204;5200;69;360;6;1;16;30;1;13;1,804
205;5320;70;380;6,6;1;16;50;3;14;1,755
206;5230;70;380;5,1;1,3;17;50;2;14;1,735
207;5610;72;390;5,4;0,7;17;40;3;13;1,724
208;5280;66;330;7,9;1,1;16;40;2;13;1,831
209;5740;74;400;5,5;0,8;17;80;4;14;1,708
210;5990;73;400;6,5;0,6;17;80;4;14;1,676
211;5730;71;380;4,9;0,8;17;30;3;13;1,742
212;5120;69;380;6,1;1,2;17;40;2;14;1,703
215;5400;72;390;7,4;1,4;18;50;3;13;1,695
216;5620;72;370;8,6;1,1;18;60;3;12;1,793
217;5070;70;360;10,5;0,9;18;80;3;13;1,854
218;5930;66;330;9,2;1;17;90;4;13;1,897
219;5830;67;310;11,3;0,8;17;90;2;13;1,89
220;5280;68;350;9,8;1,2;16;60;2;13;1,812
221;5280;68;330;10,3;1,4;16;50;1;13;1,809
222;5420;69;350;8,1;1,2;16;60;1;13;1,768
224;5560;68;360;6,6;0,9;16;80;2;12;1,834
225;5030;63;330;7,8;3,2;16;70;4;11;1,837
226;5990;73;400;6;0,7;16;60;3;13;1,687
227;5290;68;360;6,8;1,2;16;40;4;13;1,785
228;5400;68;360;8,3;1;18;70;2;13;1,832
229;5700;70;370;7,6;1;18;60;2;12;1,782
230;5560;74;400;8,1;0,9;16;60;3;13;1,665
231;6140;72;400;5,3;1;17;50;3;14;1,677
232;6310;71;400;4,8;0,8;17;40;3;14;1,657
236;5620;72;400;4,7;0,7;19;20;3;12;1,714
237;5030;70;370;5,8;1,4;16;30;3;12;1,752
238;5280;70;360;7,8;1;16;30;3;12;1,776
239;5430;70;360;6,7;1,3;17;50;4;14;1,769
240;5430;67;360;6,2;0,9;16;50;3;14;1,786
241;5170;68;380;5,4;2,1;17;40;2;14;1,734
243;5680;68;350;5,9;1,1;17;10;1;12;1,811
244;5450;70;350;7,8;1;18;10;1;12;1,837
245;5620;71;390;6,2;0,6;18;60;3;13;1,742
246;5360;71;370;6,1;0,9;17;70;3;13;1,74
247;5670;68;360;8,2;1,2;15;70;3;14;1,759
248;5420;70;350;7,9;0,9;16;70;3;14;1,776
249;5800;69;370;6,2;0,8;17;50;3;13;1,767
250;5310;66;360;6,9;1,3;16;40;4;12;1,734
251;5690;74;410;5,4;1,1;16;20;4;14;1,659
252;5730;74;410;5;1,1;16;0;4;14;1,663
253;5570;73;410;4,2;0,9;16;10;1;9;1,668
254;4360;65;360;5,8;1,1;16;80;4;13;1,793
255;5620;68;350;9,3;1,7;17;80;3;14;1,793
256;5810;71;390;7,3;1,3;16;40;4;14;1,694
257;5680;74;410;4,9;1,1;17;10;3;14;1,668
258;4950;73;400;6,3;1,1;16;10;4;14;1,686
259;5190;70;380;8,6;1,3;16;60;1;14;1,714
260;5430;69;380;6,4;1;16;40;1;13;1,76
261;5280;70;390;4,7;0,9;16;50;3;14;1,702
262;5570;72;400;5,6;1,2;16;40;3;13;1,7
265;5230;69;370;4,9;0,6;16;40;4;14;1,777
267;5700;72;390;6,3;0,9;16;30;3;13;1,708
270;5740;70;370;5,1;1;16;50;4;13;1,726
271;5650;73;400;5,6;0,8;17;10;3;14;1,694
272;5540;72;380;6,7;1,2;18;30;3;14;1,74
273;5250;71;380;6,2;1,3;17;20;4;14;1,672
274;5460;70;380;4,5;0,6;17;50;4;15;1,799
275;5430;66;370;4,3;0,7;16;60;2;14;1,758
277;5460;71;390;7,2;0,8;17;60;3;14;1,728
279;5570;65;350;6,2;0,7;16;50;3;14;1,805
280;5250;68;380;4,2;1,2;17;0;2;13;1,735
281;5190;71;370;5,2;0,8;19;50;3;13;1,753
282;5620;71;370;6,3;1,3;17;30;4;14;1,731
283;5630;73;370;7;1;16;70;4;14;1,717
284;5550;69;380;5,5;1,1;16;40;3;15;1,737
285;5160;69;370;7,3;1,2;15;50;4;14;1,741
286;5640;73;390;5,7;1;17;50;3;13;1,712
287;5510;72;390;6,2;1,4;16;20;4;14;1,729
289;6180;71;380;8;1,5;16;50;2;12;1,774
290;6040;74;390;7,6;1,1;17;40;3;13;1,749
294;5730;72;400;6;0,7;16;70;2;13;1,687
295;5780;70;380;5,4;0,9;16;60;2;13;1,743
296;5860;71;370;7,6;0,9;16;60;3;12;1,744
297;5360;70;370;7,7;0,6;17;20;4;14;1,752
298;5640;71;380;7,1;0,6;17;10;5;14;1,758
299;5950;71;360;5;0,9;18;60;2;13;1,847
300;5860;71;380;5,9;1;16;30;3;12;1,76
302;5530;73;390;7,6;0,9;16;50;2;13;1,725
303;5480;70;350;7,2;0,8;16;60;3;13;1,761
304;5140;70;390;5,6;0,8;16;40;3;13;1,745
305;5410;72;390;6,4;1,2;17;40;3;14;1,675
306;6020;71;360;9,5;1,2;17;60;4;13;1,764
307;5960;72;380;6;0,6;18;40;3;13;1,765
308;5730;71;380;7,8;0,6;18;70;3;13;1,754
309;5760;72;400;5,4;1;17;60;3;13;1,718
310;5300;69;370;6,1;1;17;70;4;14;1,804
311;5640;68;350;8,1;1,3;17;60;3;14;1,886
312;6410;70;360;8,7;1,2;16;80;2;13;1,781
313;5280;70;380;5;0,9;16;50;3;13;1,719
314;5600;72;390;4,4;0,8;17;10;2;12;1,699
315;5900;73;390;6,4;0,8;16;30;4;14;1,717
316;5300;68;360;4,8;0,6;16;60;3;13;1,798
317;5270;70;370;7,1;0,7;14;70;1;13;1,768
318;5740;72;400;5,7;0,9;18;30;3;13;1,694
319;5840;68;350;6,6;0,9;17;50;3;13;1,84
321;5810;73;390;7,1;0,7;16;50;3;13;1,752
322;5120;66;370;5,2;0,7;16;60;2;14;1,761
323;5290;69;370;6,3;0,9;17;90;2;13;1,755
324;5460;68;370;7,1;1;17;70;2;13;1,772
325;5370;70;390;6,2;0,8;19;40;3;13;1,728
326;5400;70;380;5,8;0,9;19;40;3;13;1,752
327;5250;69;350;6,7;0,8;19;70;3;13;1,783
328;5610;70;370;6;0,7;19;40;3;13;1,784
329;5460;72;400;4,6;1,2;16;40;2;14;1,712
330;5290;68;330;7,6;0,7;18;70;2;12;1,817
331;5640;71;390;5,4;1,3;16;10;5;13;1,724
332;5940;73;380;7;0,9;17;60;2;13;1,733
333;5820;73;380;5,4;0,7;17;30;2;13;1,742
334;6010;72;400;5,4;0,8;18;50;2;12;1,705
335;5520;67;320;13,1;0,8;18;80;2;13;1,857
336;6000;69;320;11,6;0,9;18;80;2;13;1,882
337;5360;72;390;5,3;1,2;17;50;5;14;1,693
338;5310;71;370;6,3;1;15;60;4;14;1,738
339;5370;68;360;8,5;1,2;19;0;4;12;1,783
340;5190;72;390;6;1,2;16;60;2;14;1,696
345;5970;72;400;6;1,1;16;20;3;13;1,678
347;5590;69;360;6,4;0,8;16;30;3;13;1,796
348;5360;69;370;6,1;0,8;17;20;3;14;1,732
349;5790;71;400;4,8;0,6;17;60;2;13;1,703
350;5200;68;360;6,2;1,3;17;40;3;12;1,764
351;5800;67;360;7,5;0,9;15;40;4;14;1,84
352;5800;69;380;5,7;1;15;40;4;14;1,754
353;5550;68;360;5,8;0,9;15;70;4;14;1,788
354;5380;67;350;6,5;0,9;15;50;4;14;1,79
355;5630;71;370;6,6;0,7;14;70;2;13;1,758
356;5680;68;370;5,5;0,7;16;60;2;13;1,742
357;5310;69;380;5,7;1;16;70;3;14;1,755
360;5600;74;410;5,5;1,2;22;40;3;14;1,687
361;5690;74;410;4,5;1;22;60;3;14;1,662
362;5690;74;400;5,6;0,8;24;70;3;14;1,669
363;5770;74;400;5,2;0,9;22;50;3;14;1,664
365;5340;68;370;5,5;1,1;16;40;3;13;1,77
366;5840;69;360;9,3;1,2;15;50;3;13;1,762
367;5530;72;390;6,4;1,2;16;60;4;14;1,682
368;5800;73;410;4,7;0,9;17;10;3;13;1,72
369;5590;72;390;5,8;1,2;16;90;3;13;1,683
370;5520;70;380;6,2;0,4;19;20;2;12;1,738
371;5650;73;390;6,4;1,4;15;20;5;13;1,686
373;5790;70;360;7,8;0,8;17;50;3;14;1,759
374;5550;69;350;7,9;1;17;60;3;14;1,824
375;5200;68;350;8,5;0,9;16;60;2;14;1,811
376;5520;70;360;8,4;1,4;15;40;3;13;1,724
378;6240;72;370;7;0,5;16;80;4;13;1,746
379;6030;69;360;7,5;0,9;17;90;4;14;1,801
380;5590;67;350;6,8;0,8;18;90;4;14;1,841
381;5520;69;360;6;0,7;17;40;3;13;1,774
383;6170;70;370;8,4;1;16;40;2;13;1,734
384;5870;68;360;5,4;0,8;17;20;3;12;1,833
385;5740;68;360;5,7;0,6;17;40;3;13;1,789
386;5200;68;370;6,7;1,4;18;50;3;14;1,77
387;5590;67;350;7,9;1;16;30;2;12;1,779
388;5310;71;380;7,2;0,5;17;20;2;13;1,701
391;5220;63;300;11,6;3;17;40;2;10;1,953
392;4960;68;370;4,7;0,9;19;60;4;12;1,771
393;4840;69;380;3;0,9;19;40;4;13;1,727
394;5470;72;380;5,4;0,9;17;40;2;12;1,735
395;5600;65;330;7,1;2,9;17;20;4;14;1,893
396;5370;66;340;5,8;2,1;17;20;2;13;1,835
397;5480;68;370;7,5;1,8;15;80;1;12;1,749
399;4920;69;360;9;3,7;16;60;3;14;1,699
400;4880;68;360;9;3,3;16;40;3;14;1,75
401;5380;68;340;10,2;2,6;16;50;3;14;1,802
405;5650;66;340;7,4;1,3;16;60;3;12;1,849
406;5610;66;320;8,3;1;16;60;4;12;1,89
407;5540;70;370;7,5;1,7;18;20;3;12;1,729
408;5360;66;370;5,5;0,4;17;70;2;13;1,747
409;5720;66;320;7,4;0,5;20;60;3;12;1,939
410;5810;67;320;8,5;0,6;20;60;3;12;1,929
411;6120;70;360;6,8;1;16;80;3;12;1,763
412;5640;69;380;5,7;0,9;16;80;1;13;1,737
413;5700;72;370;6,1;1,7;18;60;2;13;1,712
414;5820;72;390;6,4;1,4;17;50;2;13;1,69
415;5540;70;380;3,8;0,7;17;60;1;12;1,739
416;5370;68;350;7,7;0,5;16;40;2;14;1,84
418;5520;65;360;4,4;0,5;16;30;2;12;1,779
419;5910;70;360;7,4;0,7;16;60;2;13;1,761
420;5620;69;350;7,3;0,6;17;50;3;13;1,797
421;5720;70;370;6,8;0,7;17;40;3;13;1,785
422;5030;68;370;6,6;0,9;17;80;2;14;1,735
423;5520;68;350;6,3;1,6;17;60;2;13;1,773
424;5340;66;360;7,2;1,5;17;30;2;13;1,792
425;5660;70;380;6,1;0,8;15;80;1;12;1,726
426;5510;70;390;6,3;0,7;17;70;1;12;1,769
427;5560;70;380;6,4;0,7;16;40;2;12;1,718
428;5510;68;350;6,2;1;17;50;2;12;1,818
429;5720;67;360;6,3;1,1;17;50;3;12;1,798
430;5740;70;370;6,8;1,1;16;30;5;14;1,777
431;5510;70;380;6,7;0,7;18;60;3;13;1,763
432;6000;73;380;8;0,7;16;60;3;13;1,74
433;5650;70;360;9,2;1;17;70;2;13;1,753
434;5860;70;370;6,5;0,8;17;60;3;13;1,772
435;5380;70;390;4,8;0,6;18;70;3;13;1,696
436;5320;69;360;6,3;0,7;18;40;3;13;1,787
437;5320;67;360;5,7;0,5;17;50;3;13;1,783
438;6010;71;380;6;0,9;16;40;3;14;1,705
439;5390;67;370;5,6;0,8;17;10;4;12;1,771
440;5560;72;390;5,9;0,9;17;40;4;14;1,715
441;5690;71;360;7,7;0,5;17;80;3;13;1,764
442;5380;68;360;7,8;1;16;80;3;14;1,777
443;5810;67;340;7,3;0,6;20;50;3;12;1,85
444;5810;71;410;5,6;1,5;18;10;3;11;1,701
445;4970;66;330;8,1;1,2;17;80;1;12;1,826
447;5160;68;340;6,9;1,4;16;60;3;14;1,818
448;5220;70;380;4,5;0,9;16;10;4;13;1,735
449;5850;70;390;4,9;1;16;20;1;12;1,72
450;5310;69;370;7,2;1,1;16;0;4;14;1,794
451;5880;72;380;5;1,2;16;60;2;12;1,763
452;5790;66;370;6,8;1,1;15;10;4;12;1,766
453;5570;70;370;8,1;1;18;70;1;12;1,753
454;5780;75;410;5,2;1,1;16;30;3;14;1,643
455;5250;70;370;6,9;1,5;16;50;3;14;1,732
456;5450;70;380;7;0,9;17;20;3;14;1,734
457;5380;69;360;9;1,6;15;90;4;13;1,773
458;5750;73;400;5,6;1,1;16;40;5;14;1,641
459;5710;66;360;7,2;1;17;70;3;13;1,753
461;5700;71;360;7,9;1,6;16;40;2;12;1,782
462;5410;71;370;7;1,8;16;80;4;14;1,704
463;4710;67;360;6,6;1,5;16;40;4;13;1,764
465;5380;72;380;7,6;1,1;17;70;2;14;1,695
466;5640;71;360;8,9;1;16;10;3;14;1,778
467;5200;69;360;7,6;0,8;17;30;5;14;1,765
468;5680;73;400;5,9;0,9;16;10;4;14;1,681
469;5320;67;360;8,5;2,2;17;60;3;13;1,782
470;5700;70;340;7,7;1,2;16;30;2;13;1,815
471;5530;69;370;5,8;1,1;16;40;2;13;1,772
472;5540;68;360;5,4;0,8;17;70;1;12;1,759
473;5280;65;360;4,8;0,8;16;70;3;13;1,797
474;5250;67;360;6,8;1,6;17;20;3;13;1,802
475;5700;71;390;5,4;0,7;16;80;4;13;1,732
476;5430;74;410;4,5;0,7;16;90;3;13;1,623
477;5160;69;370;5,7;1,2;16;80;4;13;1,713
478;5720;71;390;6,2;2,2;16;60;3;13;1,689
479;5260;69;370;4,9;0,7;16;50;3;13;1,793
480;5530;66;360;5,5;0,6;17;60;2;13;1,82
481;5280;70;370;6,6;0,8;18;20;2;12;1,775
482;5610;70;370;5,7;0,7;16;60;3;12;1,789
483;5520;68;370;5,7;0,9;17;80;3;14;1,752
484;5600;70;380;4,9;0,9;17;50;3;13;1,763
487;5300;70;380;6,4;0,9;16;40;4;14;1,752
488;5590;73;400;6;0,6;17;40;3;13;1,701
490;5590;70;350;6,8;0,8;16;30;4;14;1,818
491;5240;72;380;5,5;0,6;16;40;3;13;1,739
494;5530;66;330;10,2;2,7;17;50;1;12;1,841
495;5700;68;360;8,3;1,3;16;50;1;13;1,767
496;6090;71;380;7,5;1,4;16;70;1;13;1,749
498;5450;69;380;6,9;1,1;17;60;2;11;1,737
499;5410;69;380;5,1;0,8;17;70;3;13;1,736
501;5650;68;360;7,2;0,8;15;70;2;13;1,775
502;5560;66;350;9,2;1,5;15;60;3;13;1,79
503;5620;72;400;5,8;1,6;18;30;5;13;1,687
504;5690;73;400;6,5;1,7;18;20;4;13;1,701
505;5660;72;400;5,2;1;16;40;2;14;1,695
506;5490;69;350;9,4;1;16;80;3;13;1,762
507;6210;75;400;6,3;1,1;16;30;3;13;1,733
508;5340;72;380;8;0,7;18;70;2;13;1,768
509;5380;72;380;6,7;0,8;18;70;2;13;1,759
511;5940;68;340;6,3;0,7;18;60;2;11;1,943
512;5760;69;350;8,9;0,8;16;50;2;13;1,763
513;5090;63;340;5,2;0,6;15;50;2;12;1,825
514;5270;69;370;5,8;1,4;16;40;1;14;1,734
515;5590;70;380;6;1,4;16;50;2;14;1,733
518;5130;71;390;7,3;0,9;16;70;3;13;1,75
519;5140;72;370;6,2;1,1;16;60;3;13;1,818
520;5760;71;360;7,2;0,8;17;70;3;13;1,769
521;5340;67;370;5,1;0,8;17;20;3;12;1,809
522;5220;72;380;6,6;1,2;18;50;3;14;1,704
523;5010;68;350;9,2;2,2;16;60;3;13;1,785
524;5470;72;400;5,5;1,2;16;20;3;13;1,701
525;5740;71;380;6,8;0,9;16;40;3;13;1,725
527;5410;71;380;4,4;0,8;17;50;2;12;1,742
528;5950;69;380;4,8;1,1;16;20;3;12;1,779
529;5530;71;390;4,9;1,1;16;10;5;14;1,697
530;5410;69;350;7,3;0,8;16;30;3;14;1,818
531;5680;73;380;8,5;0,7;16;50;3;13;1,773
532;5050;66;350;5,8;0,6;18;50;1;10;1,843
533;5640;68;350;6,9;0,6;16;70;2;13;1,841
534;5870;68;340;9,7;0,6;16;70;2;12;1,833
535;5940;70;380;6,7;1,1;17;50;2;13;1,749
536;5740;67;330;7,7;1,3;16;70;2;12;1,863
537;5290;66;330;8,2;1,3;16;70;3;12;1,861
538;5610;68;360;6,5;0,7;17;50;2;12;1,8
539;5600;70;370;5,5;0,6;17;60;2;12;1,775
540;5740;71;380;5,9;0,8;18;50;2;13;1,749
541;5210;72;380;6,9;1;16;30;3;12;1,74
542;5840;73;410;4,7;0,8;18;50;2;12;1,676
543;5280;69;370;5,9;0,7;16;40;3;14;1,743
548;5460;69;380;4,6;1;17;70;1;12;1,76
549;5910;70;360;7,3;0,7;16;70;3;12;1,799
550;5970;72;400;4,7;0,8;16;0;4;12;1,713
551;5860;73;400;4,7;0,9;16;10;4;13;1,703
552;6090;72;380;8,3;1;17;40;2;13;1,703
553;6160;73;400;5,2;0,7;17;50;2;13;1,711
555;5650;69;370;6,1;0,7;15;80;2;13;1,787
556;5520;72;390;5,4;0,8;16;40;3;13;1,697
557;5460;73;390;7,6;0,9;16;60;3;13;1,698
558;5140;70;380;4,4;0,6;16;70;3;13;1,733
559;5700;71;380;5;0,7;16;40;3;13;1,72
560;6150;67;360;5,5;1,4;16;40;4;13;1,756
561;5820;70;370;6,8;1,1;15;40;4;13;1,732
562;5220;68;360;5,8;1;16;40;3;13;1,8
563;5890;72;390;6,9;1,4;17;50;1;13;1,748
564;5680;67;340;5,6;0,6;16;20;2;13;1,836
565;4930;73;400;5,5;0,8;17;50;4;14;1,643
566;5570;71;370;8,5;1,1;18;40;1;12;1,725
567;5490;70;380;5,8;0,7;18;30;3;13;1,761
568;5280;71;380;4,9;0,8;17;90;3;13;1,733
569;4900;69;370;7,3;1,7;16;60;2;12;1,726
570;4830;63;340;6,2;1,1;16;40;2;12;1,83
571;5420;71;390;7,3;1,4;18;0;3;14;1,725
572;5970;69;370;6;0,8;16;70;3;13;1,783
573;5580;68;360;7,3;0,8;17;70;2;13;1,79
574;5570;69;370;6,5;0,8;16;50;1;12;1,761
576;6140;73;400;5,6;0,9;17;60;2;13;1,713
577;5870;72;390;5,7;0,8;17;60;2;13;1,726
578;6010;71;370;7,6;1,1;16;50;2;12;1,76
579;6070;72;370;8,1;1,2;16;50;2;12;1,729
583;5440;70;380;4,8;1,1;15;80;3;14;1,685
584;5490;70;380;6;1,2;15;60;2;14;1,706
586;5860;66;330;7,5;1,5;16;50;1;10;1,892
587;5970;68;340;6,9;1,4;16;50;1;10;1,811
588;5820;69;350;7,3;1,4;16;50;1;10;1,871
589;5360;70;370;7,4;1;18;30;1;13;1,76
590;5360;71;370;7,2;1,6;17;30;1;13;1,72
591;5260;65;340;6,5;0,7;16;70;3;13;1,865
592;5400;66;340;7,5;1;16;70;4;14;1,832
593;5400;70;370;7,1;0,6;17;90;3;14;1,772
594;5710;71;390;5,2;1,1;16;20;4;13;1,706
595;5130;64;330;6,1;0,8;15;70;4;14;1,894
596;5480;69;350;6,8;1,2;17;50;3;13;1,767
597;5340;68;370;5,7;1;17;50;2;13;1,762
598;5830;68;340;6,6;0,9;18;50;4;13;1,793
599;5370;68;380;6,9;0,7;19;80;3;13;1,757
600;5200;68;380;5,7;1;16;60;2;11;1,768
601;5300;71;400;5,3;0,8;16;70;2;13;1,693
602;5460;68;370;6,8;1,8;16;90;2;13;1,722
603;5220;69;360;5,8;0,5;19;30;2;13;1,773
604;5360;68;360;7,3;1,5;16;50;3;14;1,809
605;6090;70;370;4,8;0,6;17;70;2;11;1,737
606;5510;70;390;4,1;1;15;80;3;13;1,69
607;5810;71;370;6,8;1,2;17;50;4;13;1,729
608;5410;71;390;5;0,6;17;50;3;13;1,721
609;5180;67;340;7,6;1;16;70;2;12;1,805
610;5660;71;370;6,4;1,3;16;60;1;12;1,776
611;5240;69;360;5,5;0,6;18;70;3;13;1,775
612;5380;72;380;5,1;0,8;18;90;3;13;1,745
613;5650;69;360;8;1,1;16;20;1;13;1,764
614;5460;71;380;6,2;0,8;17;90;3;13;1,742
615;5610;70;390;5,6;1;17;40;3;13;1,734
616;5690;69;350;8,9;1,5;15;50;4;13;1,837
617;5260;68;350;6,3;1,1;16;80;4;14;1,786
618;5810;67;350;8,3;1,2;16;70;2;13;1,806
619;5110;69;370;4;0,7;16;30;1;14;1,746
620;5340;66;360;5,1;0,7;17;40;1;12;1,786
621;5400;66;360;5,1;1,1;16;40;1;12;1,786
622;5290;64;340;7;1,3;16;70;4;13;1,86
623;5210;65;340;6,5;2,4;17;60;2;13;1,834
624;5820;68;360;5,7;0,7;16;60;4;11;1,828
625;5290;70;370;6,8;1;17;30;2;14;1,752
626;5250;71;380;6,9;1;18;70;4;14;1,77
627;5200;68;350;7,2;1,7;17;40;1;13;1,816
628;5530;66;340;8,6;0,7;17;70;4;14;1,82
630;5920;72;380;8;0,9;16;40;2;12;1,724
631;5520;65;340;7;1,4;17;60;1;13;1,837
632;5310;66;340;7,5;1,3;16;70;1;14;1,819
633;5540;65;340;6,8;0,8;16;70;4;13;1,863
634;5610;71;370;7,4;1,4;16;10;4;13;1,736
635;5530;67;340;6,7;0,8;17;60;2;12;1,804
636;5560;68;350;7,3;1,3;16;60;1;12;1,793
637;6010;69;360;9;1,4;16;60;1;12;1,777
638;5390;67;350;7,1;1,1;17;40;1;14;1,834
639;5420;67;340;6,4;1,2;16;40;1;13;1,833
640;5610;70;370;7,1;0,8;17;40;3;13;1,74
641;5290;68;360;5,5;1,7;17;70;2;12;1,761
642;5680;72;400;5,6;1,8;18;90;3;13;1,717
643;5820;69;340;9,5;0,5;18;40;2;12;1,841
644;5810;69;370;7,3;0,7;15;80;3;13;1,747
645;5390;71;390;5,6;0,6;17;60;4;12;1,716
646;5600;68;380;6,8;0,8;16;30;4;12;1,74
647;5600;69;370;5;0,9;16;40;4;12;1,74
648;5950;69;380;5,9;0,9;16;60;4;12;1,733
649;5720;68;360;7,9;0,9;16;80;3;12;1,796
650;5200;64;350;7,2;0,8;16;90;1;13;1,804
651;5540;71;400;5,6;0,8;18;70;2;12;1,713
652;5260;71;380;6,8;0,8;18;50;2;12;1,728
653;5560;72;390;4,9;0,6;16;60;3;13;1,72
654;5590;72;370;8,8;1,1;17;80;3;13;1,747
655;5940;70;370;6,8;1,1;16;60;2;13;1,761
657;5740;70;370;6,8;1;16;40;3;13;1,743
658;5980;73;380;6,4;1;16;20;4;13;1,744
659;5590;70;390;4,5;0,8;19;30;3;12;1,749
660;5240;70;390;4,5;0,8;18;10;3;12;1,735
661;5180;70;350;8,3;0,7;15;60;4;13;1,794
662;5310;68;350;6,8;0,8;17;60;4;13;1,799
663;5300;72;390;6,5;0,9;16;50;4;14;1,674
664;5920;74;410;5,3;1,3;16;0;4;13;1,658
665;5350;69;350;9,9;1,1;17;80;4;14;1,781
666;5020;69;350;8,5;0,9;16;70;3;14;1,809
667;5540;71;380;7,7;1,1;16;50;2;12;1,733
668;5820;68;340;7,2;1,4;16;40;1;13;1,808
669;5600;67;360;7,7;1,1;17;80;3;12;1,764
670;5760;68;350;6,1;0,9;17;80;3;12;1,803
671;5560;69;370;4,6;0,7;16;60;3;12;1,738
672;5300;68;370;4,8;0,6;16;70;3;12;1,748
673;5410;72;380;7,4;1,4;17;30;2;14;1,704
674;5930;73;380;6,6;1;18;0;3;14;1,769
675;5660;69;360;8,8;1,7;16;50;2;13;1,724
676;5380;74;400;4,6;0,9;16;30;1;9;1,699
677;5250;68;380;5;0,7;16;80;2;13;1,731
678;5490;68;370;5,5;0,5;16;60;3;14;1,763
679;5550;70;370;5,1;0,7;17;40;3;13;1,736
680;5410;68;370;5,5;0,7;17;50;3;14;1,785
681;5630;70;380;5,2;0,7;17;60;1;12;1,77
682;5570;69;350;6,7;0,9;17;40;1;12;1,779
684;5980;72;400;5,4;0,9;20;70;3;12;1,688
685;5760;72;390;5,9;0,9;21;70;3;12;1,717
686;5600;72;390;6,3;1;20;70;3;12;1,707
687;5710;72;400;5,5;0,7;15;70;3;13;1,71
688;5510;71;380;7,4;0,9;16;60;2;13;1,744
689;5290;67;350;5;0,7;16;60;2;13;1,824
690;5280;66;330;5,9;0,7;17;70;2;13;1,866
691;5860;69;380;6,5;0,9;18;60;2;13;1,771
692;5820;73;410;5,2;1,2;17;30;3;14;1,691
693;5290;70;380;5,9;0,9;16;60;2;12;1,734
694;5350;71;380;6,9;0,9;18;80;3;14;1,736
695;5240;69;370;7,2;1,2;18;70;3;13;1,777
696;5360;71;380;5,8;1,2;18;70;3;13;1,75
697;5420;71;360;7,9;1,2;18;50;3;13;1,811
698;5410;70;380;6,2;1,1;18;40;3;13;1,774
699;5460;68;360;7,2;1,1;17;60;3;14;1,807
700;5850;73;400;5,9;1,7;17;60;3;13;1,697
703;5250;69;370;5,3;0,8;16;30;3;13;1,74
704;5480;69;370;5,5;0,8;16;50;3;13;1,741
705;5560;72;390;5,7;1,1;18;40;3;13;1,689
706;5530;72;380;6,9;0,9;17;60;3;14;1,694
707;5810;71;360;9,7;1,2;17;50;3;14;1,733
708;5560;71;390;5,3;1,2;16;70;3;14;1,705
709;5360;73;410;4,5;0,8;16;70;3;13;1,661
710;5860;69;370;5,4;2;16;10;1;13;1,76
711;5670;70;380;6,5;1;16;60;4;13;1,756
712;5640;70;390;7,5;0,9;16;60;2;12;1,731
713;5580;70;360;3,8;0,7;17;70;1;12;1,795
714;5570;69;360;6,7;0,4;15;60;1;13;1,797
715;5900;69;380;6,7;1,2;17;30;1;13;1,801
716;5450;70;360;7,4;0,9;16;80;3;13;1,778
717;5580;71;390;5,6;0,5;16;90;4;13;1,714
718;6170;71;370;7,3;0,6;16;70;4;13;1,744
719;5740;70;370;7,3;0,9;16;30;4;12;1,723
720;5300;70;360;5,8;0,7;16;30;5;13;1,807
721;5580;66;330;6,7;0,8;16;80;3;13;1,827
722;5810;65;330;7,6;1,5;16;70;5;13;1,881
723;5610;72;370;7,2;1,2;16;70;4;14;1,761
724;5670;68;350;7,8;1,1;16;10;1;12;1,854
726;5630;72;400;5,4;0,9;16;30;3;13;1,675
727;5750;71;370;6,9;0,4;17;60;3;13;1,744
728;5960;72;360;7,8;0,4;16;50;3;13;1,764
729;5910;72;380;6,3;1;18;10;4;13;1,733
730;5250;68;370;5,4;1,2;17;20;4;14;1,808
731;5410;68;380;4,3;1,1;18;20;4;14;1,761
732;6090;72;380;6;0,8;16;70;4;13;1,76
733;5450;67;370;5,4;0,8;17;60;2;12;1,766
734;5700;71;380;5,8;0,9;17;60;2;13;1,704
735;5380;71;370;7;0,9;17;50;2;13;1,748
736;5620;70;360;7,6;0,9;17;50;2;13;1,755
737;5680;71;380;6,9;0,8;17;40;2;13;1,718
739;5480;72;410;5,4;0,8;16;50;3;14;1,696
740;5000;68;350;7,3;1;17;70;2;13;1,8
741;5460;70;360;7,4;0,7;17;70;2;13;1,807
742;5880;71;380;6,6;0,7;16;70;3;13;1,73
743;5390;72;400;6;0,9;16;30;4;14;1,684
744;5630;71;380;5,6;1,1;15;40;2;13;1,73
745;5760;70;360;6;1;16;60;4;14;1,778
746;6150;72;370;5,4;0,9;16;50;4;14;1,718
747;5490;68;330;8,2;0,7;16;60;2;13;1,857
748;4800;69;360;5,7;1,3;14;60;4;13;1,785
749;5970;73;380;5,9;0,8;16;10;2;13;1,762
750;5720;71;370;6,9;0,6;17;70;2;12;1,739
751;5700;71;380;6,6;0,7;17;60;2;12;1,75
752;5770;69;380;5,3;0,8;16;40;2;12;1,716
753;5830;69;370;7;0,7;16;50;3;13;1,782
754;6010;71;370;7,3;0,7;16;80;4;13;1,788
755;5880;70;360;8,6;0,6;15;50;4;13;1,775
756;6110;71;360;8,4;0,8;18;50;4;14;1,814
757;5830;69;380;4,3;1,4;18;50;4;13;1,753
760;5600;70;380;5,4;0,8;16;50;4;13;1,771
761;5610;69;370;5,8;0,7;16;20;3;13;1,796
762;5690;70;380;6,1;0,7;17;40;3;12;1,784
763;5710;73;380;5,6;0,8;16;40;3;13;1,74
764;5820;72;390;6,1;0,9;17;70;3;13;1,731
765;6060;73;370;6,1;1;16;20;3;13;1,759
766;5220;70;390;5,8;1,2;18;20;4;14;1,733
767;5610;72;400;6,4;0,7;16;60;4;13;1,7
771;5840;72;380;8,4;1,2;17;70;2;13;1,743
772;5720;72;380;6,6;0,5;18;30;3;13;1,754
773;6040;74;400;6,4;0,4;17;30;4;13;1,696
774;5430;69;350;10,9;1,4;15;60;3;13;1,754
775;6090;68;340;8,8;1,6;15;50;3;13;1,794
776;5890;70;350;6,3;0,6;18;50;3;13;1,81
777;5130;71;370;6,6;0,6;18;50;2;13;1,783
778;5850;71;380;7,5;0,7;17;30;2;13;1,733
779;5250;70;390;5,8;1;16;10;3;13;1,743
780;5440;68;370;5,8;0,5;16;70;3;14;1,788
781;5870;70;370;6,9;0,5;17;60;4;14;1,792
782;5670;69;350;8,5;1,2;18;60;3;13;1,816
783;5610;68;360;7,2;0,6;16;60;3;13;1,793
784;5650;71;380;6,7;0,8;16;40;4;13;1,726
785;6410;78;420;6;0,6;18;20;5;9;1,625
786;5260;69;370;6;1,4;16;10;3;13;1,79
787;5890;75;430;4,6;0,8;24;40;3;14;1,641
788;5890;75;420;5,1;0,8;24;90;3;14;1,64
789;5740;74;420;4,8;0,8;24;20;3;14;1,639
790;5770;74;420;4,5;0,9;24;10;4;14;1,661
791;5290;70;370;7,2;1,2;16;40;4;14;1,751
792;5440;70;360;6,7;0,4;15;70;1;13;1,805
793;5890;68;350;8,8;0,9;16;70;5;14;1,77
794;5430;68;360;8,8;0,8;16;40;4;13;1,807
795;5220;69;340;9,8;1;17;60;1;13;1,784
796;5440;70;390;6,7;1,1;17;10;1;13;1,707
798;5150;68;360;5,7;0,9;17;50;3;13;1,757
799;5020;67;390;6,5;0,9;17;20;3;13;1,731
802;5280;70;380;5,3;0,7;16;100;2;11;1,725
803;5490;70;390;5,6;0,7;16;80;2;11;1,728
804;5690;69;370;5,7;0,6;16;70;3;14;1,768
805;5440;71;380;4;0,6;18;80;3;14;1,724
806;5740;70;380;5,4;0,7;18;60;3;14;1,736
807;5370;72;390;5,3;0,8;16;70;4;14;1,699
808;5160;68;360;7;1,2;17;40;4;14;1,767
809;5780;71;380;6,3;1;18;30;3;13;1,713
810;5340;70;370;6,8;0,9;15;60;4;14;1,776
811;5380;73;390;7,3;0,9;16;60;4;14;1,733
812;5710;70;360;6;1;16;50;3;13;1,744
813;5520;71;370;7,3;1;16;60;3;13;1,733
814;5520;68;350;6,7;0,8;17;80;3;13;1,768
815;5760;73;380;7,1;1,2;17;30;1;13;1,771
816;5500;69;370;7;0,8;16;80;3;13;1,761
817;5460;73;390;4,7;0,7;17;40;2;13;1,702
818;5740;71;380;5,8;0,8;20;70;2;12;1,733
819;5910;74;420;5,2;0,8;17;20;6;9;1,657
820;4890;74;410;4,8;0,9;17;20;5;12;1,653
821;6010;71;360;9,2;0,9;16;90;3;13;1,776
822;5340;67;340;10;1;17;60;2;13;1,838
823;5820;70;370;4,6;0,9;16;60;3;14;1,769
824;5760;71;390;5,1;1,1;16;70;3;14;1,727
825;6000;73;370;9;0,8;17;90;3;13;1,718
826;5950;71;380;6,2;0,8;17;70;3;13;1,736
827;5700;72;380;7,3;0,8;17;80;4;13;1,738
828;5710;71;400;5,5;1;17;60;2;12;1,694
829;5570;69;370;6,6;1,1;17;70;4;14;1,751
830;5450;71;400;5,3;1,2;16;70;4;14;1,695
831;6040;74;400;7;0,6;15;40;4;13;1,695
832;6230;73;400;7,3;0,7;15;40;4;13;1,72
833;4970;67;350;8,5;1,1;17;10;2;12;1,794
834;5690;70;390;5,1;0,8;15;70;1;12;1,724
836;5800;75;400;8,1;0,7;17;50;4;14;1,687
837;5800;74;390;6,6;0,7;17;20;4;14;1,729
838;5700;66;330;8,6;1,4;18;80;2;13;1,832
839;5940;71;390;7,2;1;18;60;2;13;1,736
840;5160;71;390;7,1;1,3;19;70;3;13;1,724
841;5430;71;370;7,9;1,2;19;70;3;13;1,748
842;5680;74;380;7,2;1;16;60;3;14;1,716
843;5390;71;400;4,3;0,9;15;50;4;13;1,691
844;5670;70;380;4,9;0,6;18;30;4;13;1,735
845;5570;71;400;5,5;0,5;18;40;4;13;1,713
846;5670;71;390;5,2;0,5;18;10;4;13;1,729
847;5800;70;370;6;0,7;16;60;4;14;1,779
848;5560;70;390;4,8;1,1;16;20;4;13;1,739
849;5690;75;400;7,6;0,9;16;10;5;14;1,67
850;5640;72;390;7,9;0,9;17;80;4;14;1,711
851;5700;72;380;6,9;1;17;60;3;14;1,737
852;5790;72;370;7,6;1,1;16;70;3;14;1,737
853;5730;72;390;9,7;1,1;17;60;3;14;1,717
854;6010;73;390;8,8;1,1;16;70;3;14;1,707
855;5890;73;390;7,5;1,1;17;70;4;14;1,709
856;5800;72;380;6,8;1;17;50;3;13;1,719
857;5650;72;380;6,6;0,9;17;50;3;13;1,689
858;5870;71;390;4,6;1;17;60;4;13;1,695
859;5560;72;390;6,4;1;17;60;4;13;1,693
860;5710;71;390;4,8;0,9;16;0;5;13;1,697
861;5500;68;380;4,7;0,5;17;60;3;12;1,749
862;5400;64;320;6,2;1,4;16;80;3;13;1,866
863;5510;71;380;5,7;1;16;80;4;13;1,728
864;5880;69;360;8,1;1,2;18;40;3;13;1,788
865;5350;69;370;6,2;1,1;18;30;3;13;1,791
866;5710;70;370;6,5;1;17;60;3;13;1,806
867;5230;69;360;6,6;1,1;17;70;2;14;1,77
868;5660;74;420;4,8;0,9;17;30;4;13;1,69
869;5580;72;390;7,7;1;16;10;4;12;1,69
870;5620;70;360;5,5;1;18;40;5;14;1,754
871;5640;69;360;6,3;0,9;18;20;5;14;1,802
872;5720;72;380;6,1;0,8;21;70;2;12;1,729
873;5700;70;350;8,4;0,8;16;70;3;14;1,816
874;5490;70;360;7,8;0,8;17;70;3;13;1,753
875;5730;70;360;7;0,9;17;70;3;13;1,756
876;5630;71;370;7,7;0,7;16;20;3;13;1,745
877;6220;75;420;5,3;0,8;18;20;4;9;1,651
878;5790;66;350;7,9;0,6;17;50;4;14;1,825
879;5650;65;340;8,2;0,6;17;60;3;14;1,813
880;5960;72;400;4,8;0,6;16;10;5;13;1,718
881;5970;71;400;4;0,7;16;40;5;12;1,696
882;5260;71;380;5,6;1;17;70;4;14;1,718
883;5550;71;380;5,9;1;17;50;3;14;1,702
884;5450;71;390;7,2;0,9;17;70;4;14;1,731
887;5910;70;330;9,6;1;16;80;3;13;1,809
888;5860;72;400;6,7;0,8;16;30;4;14;1,726
889;5910;70;350;8,9;0,8;17;60;4;14;1,794
890;5390;68;360;5,8;1,2;17;40;3;13;1,768
891;5680;71;380;4,6;0,8;17;50;3;14;1,727
892;5310;71;380;5,1;0,7;17;90;3;14;1,749
893;5280;72;380;6,2;0,7;16;90;3;14;1,696
894;5340;63;330;5,1;0,6;16;60;4;14;1,877
895;5890;74;400;7;0,8;18;30;3;13;1,687
896;5870;76;410;6,4;0,9;20;40;3;13;1,662
897;5870;75;400;6,7;1;19;40;3;13;1,684
898;5820;76;420;7,1;1;19;60;3;13;1,636
899;5310;73;390;6,6;1,1;16;10;4;14;1,696
900;5260;72;390;7,5;1,1;16;20;4;14;1,714
901;5550;72;380;7,2;1;17;60;3;12;1,716
902;5400;71;390;7,9;1,1;17;50;3;12;1,679
903;5510;70;370;6,5;1,1;17;20;4;14;1,735
904;5690;73;410;5,6;1;16;20;4;13;1,679
905;5270;69;350;7;1,3;18;50;3;13;1,849
906;5510;69;360;6,9;0,7;18;80;3;13;1,783
907;5800;72;380;6;0,7;16;10;3;14;1,723
908;5580;68;360;6,8;1,2;16;60;5;14;1,778
909;5420;70;370;6,5;1,3;16;60;5;14;1,781
910;5360;66;330;6,8;1;16;50;2;15;1,886
911;5210;66;350;6,4;1;16;60;3;14;1,814
912;6150;72;370;8,8;0,7;17;20;4;13;1,723
913;5700;71;380;4,9;0,8;16;60;4;14;1,772
914;5790;73;390;5,2;1;16;50;4;14;1,722
915;5410;71;380;8,5;1;15;40;3;14;1,744
916;5690;72;380;6,5;0,9;16;60;3;14;1,737
917;5640;71;380;6,6;1;16;60;3;14;1,739
918;5720;74;400;6;1;17;30;3;13;1,689
919;5450;73;400;6;0,9;17;50;2;13;1,704
920;5660;72;380;6,3;1,1;17;50;3;13;1,737
921;5500;71;400;4,8;0,7;16;40;4;14;1,672
922;5540;72;400;4,9;0,6;16;40;4;13;1,67
923;6020;72;390;6,6;0,8;16;50;4;13;1,696
924;5580;72;370;7,2;0,9;17;30;2;12;1,743
925;5630;71;380;7,5;0,8;17;40;2;12;1,731
926;5480;71;370;7,2;0,7;18;30;3;13;1,773
927;5580;70;360;9;0,8;17;50;3;13;1,784
928;5850;74;400;6,8;0,8;19;20;3;13;1,715
929;5860;75;390;6,3;1;19;30;3;13;1,717
930;5820;74;390;6,9;0,8;19;40;3;13;1,698
931;5880;75;400;5,3;0,7;19;40;3;13;1,693
932;5490;70;370;7,2;0,7;18;80;3;13;1,762
933;5600;71;380;5,3;0,7;18;50;4;13;1,73
934;5690;69;360;7,7;0,8;17;30;4;13;1,782
935;5470;71;390;6,1;0,8;18;40;3;14;1,702
936;5160;68;360;5,4;0,8;15;40;3;14;1,772
937;5260;69;360;6,6;0,8;15;60;3;14;1,771
938;5510;70;390;7;0,9;17;40;4;14;1,742
939;5340;69;370;7,1;0,9;17;20;4;14;1,804
940;5750;72;380;6,7;0,9;17;50;3;13;1,733
941;5670;71;380;5,6;0,7;16;50;3;13;1,751
942;5710;71;390;6,4;0,8;16;50;3;13;1,741
943;5410;68;390;4,4;0,9;17;50;4;13;1,745
944;5750;69;360;6,8;1;16;50;2;14;1,736
945;5400;68;360;5,1;0,8;17;30;4;14;1,787
946;5270;70;390;6,6;0,9;19;40;4;14;1,702
947;5180;70;380;6,4;0,9;20;70;4;14;1,733
948;5850;69;340;9,8;1,1;18;30;3;13;1,789
949;5450;68;370;5,3;1;16;70;3;14;1,764
950;5340;67;370;5,7;1,1;16;70;4;14;1,753
951;5450;70;380;5,6;1,2;17;30;3;13;1,748
952;5370;70;390;6,8;0,8;19;50;3;13;1,755
953;5470;69;370;6,6;1;19;60;3;13;1,776
954;5100;68;370;6,2;0,6;19;70;2;13;1,767
955;5260;68;370;6,8;0,8;19;70;2;13;1,781
956;5340;69;380;5,7;0,8;18;50;2;14;1,757
957;5650;71;360;5,8;0,8;17;60;4;13;1,807
958;5780;72;400;6,3;0,6;16;70;4;13;1,698
959;5580;70;370;7,7;0,9;17;50;3;12;1,765
960;5680;71;380;8,2;0,7;17;50;3;12;1,712
961;5580;72;360;9;0,5;17;70;2;13;1,778
962;5780;71;380;7,5;0,6;17;80;2;13;1,765
963;5560;71;370;8,3;1;17;40;4;14;1,736
964;5830;71;390;5,7;0,8;16;70;4;14;1,715
965;5880;72;390;6,7;0,9;16;70;3;14;1,711
966;5600;71;380;6,4;0,7;16;70;3;14;1,73
967;5760;72;390;6,6;0,9;16;70;4;14;1,711
968;5710;73;380;6,2;0,7;16;80;4;14;1,706
969;5780;71;380;6,8;0,7;16;50;4;14;1,706
970;5590;71;390;5,7;0,8;16;40;2;14;1,686
971;5460;69;370;5,7;0,7;16;50;4;14;1,72
972;5460;68;370;5;0,6;15;60;4;14;1,772
973;5450;68;370;4,7;0,7;16;70;4;14;1,749
974;5730;70;360;8,1;0,8;18;60;2;13;1,823
975;5560;70;370;7,1;0,6;17;50;3;13;1,812
976;5920;69;350;7,4;0,6;18;60;3;13;1,822
977;5280;70;350;7,9;0,6;18;50;2;13;1,811
978;5710;70;360;8;0,9;16;70;3;13;1,777
979;5630;71;380;5,6;1;16;50;3;13;1,704
980;5820;69;330;12,1;1,2;16;50;3;14;1,816
981;5670;73;390;7,6;1;17;50;4;14;1,725
982;5600;72;370;7,8;1;17;60;4;14;1,784
983;5460;72;380;7,4;1,2;17;30;2;13;1,72
984;5780;72;390;6,6;0,7;17;70;4;14;1,712
985;5770;70;380;6,7;0,7;17;70;4;13;1,746
986;5410;72;380;7,1;0,7;16;80;3;14;1,745
987;5720;69;360;6,5;0,7;17;90;3;13;1,771
988;5790;68;360;6,2;0,6;16;20;4;13;1,786
989;5720;68;370;6,5;0,6;16;10;4;13;1,806
990;5380;70;380;4,6;0,9;16;60;4;14;1,719
991;5520;70;390;5,1;1;16;50;4;14;1,724
992;5350;70;390;4,8;1;16;50;4;14;1,712
993;5520;69;360;7,2;0,6;18;50;3;14;1,763
994;5510;71;390;6,6;0,5;17;60;3;12;1,729
995;5480;72;380;6,2;0,5;17;50;3;13;1,728
996;6110;71;360;7,9;0,6;17;70;2;13;1,779
997;5630;72;400;5,8;0,8;17;60;4;13;1,701
998;5660;72;400;5,5;0,6;17;50;4;13;1,707
999;5740;73;410;5,9;0,6;17;80;4;13;1,7
