aviario,fb.pre_inicial_ajustado,fb.inicial_1_ajustado,fb.inicial_2_ajustado,fb.crescimento_ajustado,fb.abate_ajustado
938,240.0,830.0,1030.0,1460.0,2110.0
1284,240.0,840.0,1040.0,1700.0,2210.0
101,270.0,990.0,1020.0,2050.0,2080.0
829,240.0,930.0,990.0,1990.0,1580.0
637,270.0,690.0,1370.0,2100.0,1880.0
262,250.0,930.0,1200.0,1610.0,1770.0
102,250.0,950.0,1080.0,1630.0,1950.0
1211,240.0,950.0,1160.0,1600.0,2100.0
1000,250.0,840.0,1210.0,1650.0,1890.0
1017,250.0,870.0,1300.0,1470.0,1610.0
103,260.0,1010.0,1020.0,1880.0,2460.0
137,250.0,940.0,1020.0,1640.0,1850.0
1281,250.0,860.0,1070.0,1720.0,2100.0
104,270.0,980.0,1010.0,1700.0,1830.0
749,260.0,900.0,1110.0,1660.0,2130.0
636,270.0,690.0,1280.0,1820.0,2090.0
105,260.0,1020.0,1030.0,2030.0,1630.0
1210,230.0,820.0,1120.0,1540.0,2060.0
1282,250.0,860.0,1150.0,1690.0,2180.0
107,280.0,870.0,880.0,1740.0,2230.0
283,240.0,910.0,1140.0,1540.0,1790.0
1001,240.0,890.0,1200.0,1780.0,1770.0
1212,230.0,820.0,1150.0,1550.0,2170.0
108,270.0,970.0,1000.0,2060.0,1750.0
1159,240.0,850.0,1140.0,1720.0,1560.0
1292,240.0,860.0,1150.0,1730.0,1540.0
110,260.0,820.0,1090.0,1740.0,1880.0
1283,250.0,880.0,1110.0,1790.0,1950.0
1253,240.0,850.0,1140.0,1690.0,1820.0
940,260.0,940.0,1290.0,1780.0,2140.0
111,260.0,830.0,1120.0,1680.0,2030.0
549,250.0,860.0,1270.0,1730.0,2090.0
588,260.0,870.0,1420.0,1720.0,1330.0
112,240.0,770.0,1090.0,1470.0,1860.0
143,250.0,950.0,970.0,1930.0,1880.0
1002,240.0,860.0,1180.0,1740.0,1740.0
942,240.0,860.0,1120.0,1590.0,2200.0
113,260.0,850.0,1010.0,1520.0,1780.0
642,260.0,850.0,1000.0,1510.0,2060.0
411,270.0,890.0,1250.0,1770.0,2020.0
114,280.0,1010.0,1010.0,1690.0,2040.0
1033,250.0,920.0,1230.0,1740.0,1960.0
1003,280.0,940.0,1160.0,1800.0,2020.0
814,250.0,820.0,1090.0,1630.0,1920.0
115,250.0,830.0,1170.0,1630.0,2040.0
438,270.0,1040.0,1050.0,1910.0,1900.0
941,240.0,900.0,1020.0,1750.0,2170.0
160,240.0,970.0,1130.0,1620.0,1810.0
906,250.0,820.0,1080.0,1630.0,1910.0
117,240.0,870.0,880.0,1750.0,1420.0
1032,250.0,910.0,1210.0,1530.0,2030.0
155,270.0,990.0,1070.0,1940.0,1830.0
118,280.0,940.0,950.0,1670.0,2160.0
990,250.0,870.0,880.0,1750.0,2020.0
1004,280.0,950.0,1130.0,1900.0,2020.0
381,250.0,810.0,1080.0,1880.0,2180.0
120,250.0,860.0,970.0,1680.0,1560.0
760,270.0,860.0,860.0,1620.0,2310.0
992,240.0,870.0,920.0,1750.0,2120.0
121,270.0,920.0,1050.0,1650.0,2010.0
889,240.0,940.0,1170.0,1820.0,2070.0
415,280.0,870.0,1150.0,1760.0,2050.0
784,270.0,860.0,870.0,1730.0,2430.0
122,260.0,860.0,1000.0,1520.0,2060.0
1190,240.0,770.0,1090.0,1630.0,1750.0
154,240.0,770.0,1270.0,1680.0,2070.0
123,260.0,1020.0,1040.0,1640.0,1940.0
700,260.0,840.0,1000.0,1510.0,2090.0
1005,250.0,880.0,1070.0,1760.0,1680.0
991,250.0,860.0,1100.0,1440.0,2000.0
124,250.0,970.0,990.0,1810.0,1790.0
459,250.0,820.0,1090.0,1510.0,2070.0
1038,250.0,880.0,1040.0,1730.0,1910.0
125,280.0,890.0,990.0,1630.0,1390.0
607,240.0,770.0,1160.0,1930.0,1910.0
1276,250.0,870.0,1160.0,1760.0,1870.0
987,250.0,910.0,1120.0,1800.0,1710.0
126,280.0,910.0,1080.0,1620.0,1720.0
572,250.0,980.0,980.0,1720.0,1980.0
1075,260.0,890.0,890.0,1770.0,1930.0
127,230.0,1070.0,1290.0,1710.0,1290.0
676,270.0,1070.0,970.0,1450.0,2010.0
1006,250.0,880.0,890.0,1730.0,2130.0
296,270.0,890.0,890.0,1790.0,1880.0
129,260.0,1010.0,1050.0,1410.0,2140.0
253,280.0,990.0,980.0,1480.0,1860.0
514,250.0,990.0,1000.0,1790.0,2010.0
130,270.0,1020.0,1020.0,1520.0,2290.0
252,250.0,890.0,980.0,1480.0,2240.0
1007,250.0,900.0,1080.0,1800.0,2130.0
984,250.0,870.0,1070.0,1660.0,1900.0
131,270.0,890.0,1230.0,1830.0,1260.0
1024,250.0,890.0,1050.0,1350.0,2350.0
986,250.0,900.0,910.0,1420.0,1740.0
132,280.0,880.0,1060.0,1690.0,1900.0
1217,250.0,860.0,1040.0,1620.0,2020.0
632,260.0,980.0,980.0,1830.0,1440.0
515,250.0,1000.0,1000.0,2020.0,1720.0
133,270.0,990.0,1070.0,1780.0,1790.0
251,250.0,880.0,980.0,1480.0,2170.0
664,240.0,770.0,1140.0,1540.0,2330.0
134,260.0,990.0,1010.0,1990.0,1340.0
577,250.0,990.0,1000.0,1850.0,2060.0
1008,270.0,980.0,1110.0,1490.0,1990.0
985,250.0,940.0,940.0,1790.0,1780.0
135,260.0,960.0,970.0,1800.0,1740.0
944,250.0,890.0,1250.0,1500.0,1810.0
1076,250.0,880.0,1100.0,1710.0,2130.0
136,270.0,1090.0,1090.0,1640.0,1370.0
1174,240.0,840.0,1120.0,1710.0,1690.0
397,250.0,900.0,1100.0,1460.0,2010.0
260,300.0,1050.0,1060.0,1620.0,1300.0
138,270.0,880.0,1010.0,1520.0,1700.0
271,250.0,950.0,1010.0,2020.0,1670.0
1009,260.0,920.0,1450.0,1450.0,2050.0
1216,240.0,880.0,1070.0,1670.0,2330.0
139,260.0,640.0,1070.0,1670.0,1450.0
1196,240.0,880.0,1140.0,1500.0,1880.0
140,270.0,990.0,1070.0,1930.0,1500.0
912,250.0,880.0,1210.0,1870.0,2010.0
1252,250.0,860.0,1080.0,1550.0,1810.0
650,260.0,1040.0,1050.0,1560.0,1530.0
141,260.0,1040.0,1040.0,1510.0,2080.0
349,260.0,1010.0,1020.0,1910.0,1550.0
259,300.0,1060.0,1060.0,1430.0,1590.0
142,250.0,920.0,980.0,1780.0,1370.0
1191,250.0,920.0,1230.0,1580.0,2110.0
218,260.0,980.0,1080.0,1610.0,2020.0
219,260.0,1000.0,1070.0,1610.0,1780.0
144,280.0,890.0,1070.0,1440.0,1530.0
1247,240.0,660.0,1150.0,1630.0,2140.0
624,250.0,730.0,1210.0,1460.0,1870.0
879,250.0,980.0,1000.0,1540.0,1900.0
145,280.0,880.0,1060.0,1480.0,1580.0
821,240.0,980.0,1130.0,1950.0,1970.0
147,260.0,860.0,1030.0,1550.0,1890.0
675,260.0,890.0,990.0,1690.0,1760.0
1010,250.0,900.0,1070.0,1700.0,1870.0
380,250.0,940.0,960.0,1740.0,1480.0
148,260.0,860.0,1030.0,1560.0,2070.0
887,250.0,960.0,1360.0,1450.0,1920.0
379,260.0,970.0,990.0,1970.0,1780.0
149,270.0,900.0,1310.0,1410.0,1900.0
576,250.0,1010.0,1010.0,2010.0,1910.0
1035,210.0,740.0,1340.0,1860.0,2290.0
1195,250.0,910.0,1110.0,1760.0,1930.0
150,260.0,1040.0,1040.0,1840.0,2120.0
907,230.0,750.0,1250.0,1490.0,2170.0
466,240.0,960.0,960.0,1770.0,1720.0
151,250.0,920.0,1090.0,1970.0,2010.0
384,260.0,1050.0,1040.0,1740.0,2080.0
1011,250.0,870.0,880.0,1650.0,1790.0
538,270.0,1060.0,1070.0,1710.0,1800.0
152,250.0,910.0,1080.0,1550.0,1910.0
1113,240.0,850.0,1040.0,1780.0,1970.0
153,260.0,880.0,1040.0,1820.0,1780.0
270,280.0,870.0,1040.0,1840.0,1720.0
826,250.0,820.0,1090.0,2030.0,1700.0
385,250.0,1010.0,1020.0,1680.0,1940.0
1192,240.0,890.0,1180.0,1550.0,2120.0
539,260.0,1050.0,1060.0,1480.0,1910.0
1012,260.0,890.0,1030.0,1630.0,2010.0
156,250.0,820.0,1230.0,1660.0,2020.0
1185,240.0,890.0,890.0,1490.0,2110.0
164,270.0,870.0,1040.0,2050.0,2150.0
157,300.0,990.0,1050.0,1550.0,1670.0
449,270.0,860.0,910.0,1940.0,1940.0
495,270.0,950.0,1060.0,1200.0,1930.0
830,230.0,740.0,1110.0,1670.0,1920.0
158,260.0,910.0,990.0,1800.0,1700.0
1129,240.0,850.0,1120.0,1700.0,1970.0
1130,240.0,860.0,1140.0,1460.0,2080.0
159,280.0,930.0,990.0,1490.0,2080.0
584,230.0,780.0,1160.0,1570.0,1740.0
1013,270.0,870.0,1040.0,1580.0,1920.0
583,240.0,740.0,1100.0,1770.0,1740.0
161,260.0,940.0,1000.0,1830.0,1670.0
1184,250.0,850.0,1150.0,1700.0,1890.0
1277,240.0,860.0,1140.0,1720.0,1910.0
1183,250.0,860.0,1150.0,1630.0,2080.0
162,270.0,850.0,1030.0,1540.0,1670.0
739,250.0,780.0,1160.0,1540.0,2250.0
163,280.0,1060.0,1070.0,1600.0,1210.0
1062,250.0,880.0,880.0,1650.0,1750.0
1014,260.0,870.0,1080.0,1900.0,2040.0
734,250.0,800.0,1060.0,1600.0,1760.0
589,250.0,780.0,1040.0,1800.0,1650.0
165,260.0,900.0,980.0,1480.0,1490.0
736,250.0,790.0,1060.0,1590.0,1930.0
778,250.0,790.0,1170.0,1560.0,2070.0
166,260.0,790.0,1270.0,1290.0,1860.0
590,250.0,810.0,1070.0,1450.0,1770.0
167,260.0,850.0,1010.0,1620.0,2040.0
735,230.0,800.0,1070.0,1610.0,1740.0
1015,250.0,900.0,1230.0,1610.0,2030.0
737,250.0,800.0,1170.0,1460.0,2060.0
168,260.0,1070.0,1080.0,1450.0,2020.0
881,250.0,830.0,1250.0,1270.0,2310.0
1109,240.0,840.0,1040.0,1440.0,1700.0
631,260.0,1030.0,1030.0,2090.0,1400.0
779,250.0,830.0,1040.0,1320.0,2050.0
170,280.0,930.0,950.0,1590.0,1440.0
594,270.0,860.0,960.0,1440.0,1930.0
502,250.0,880.0,980.0,1540.0,1990.0
171,290.0,940.0,950.0,1460.0,1910.0
775,250.0,910.0,990.0,1660.0,2460.0
1016,250.0,860.0,1150.0,1440.0,1610.0
774,250.0,910.0,1000.0,1520.0,1810.0
172,260.0,830.0,1000.0,1590.0,1640.0
550,250.0,780.0,1180.0,1570.0,2170.0
181,260.0,860.0,920.0,1850.0,1050.0
1110,250.0,880.0,1150.0,1670.0,2230.0
419,260.0,1040.0,1050.0,1830.0,1990.0
279,260.0,980.0,990.0,1840.0,1580.0
182,260.0,910.0,910.0,1370.0,1950.0
394,270.0,870.0,1080.0,1320.0,2120.0
628,240.0,810.0,1070.0,1500.0,2020.0
183,260.0,1000.0,1030.0,2070.0,2160.0
880,230.0,940.0,1250.0,1740.0,2170.0
878,250.0,870.0,970.0,1320.0,2070.0
184,270.0,930.0,1410.0,1580.0,2010.0
844,270.0,740.0,1050.0,1590.0,2100.0
208,250.0,980.0,1000.0,1390.0,1790.0
1208,260.0,870.0,1070.0,1700.0,2360.0
185,260.0,1020.0,1020.0,1520.0,1780.0
1044,250.0,960.0,1140.0,1630.0,2260.0
1045,240.0,900.0,1060.0,1520.0,2310.0
186,280.0,1100.0,1110.0,1670.0,1740.0
427,250.0,880.0,1130.0,1670.0,1770.0
1018,250.0,920.0,1060.0,2170.0,1860.0
845,250.0,750.0,1070.0,1610.0,1950.0
1288,240.0,740.0,1120.0,1690.0,1840.0
188,270.0,1010.0,1170.0,1600.0,1930.0
708,250.0,790.0,1120.0,1570.0,1980.0
1019,250.0,880.0,1050.0,1900.0,1840.0
618,260.0,990.0,1010.0,1890.0,1840.0
189,270.0,1020.0,1030.0,1630.0,1990.0
1131,240.0,890.0,1090.0,1470.0,1870.0
336,280.0,1180.0,1200.0,1420.0,2040.0
190,260.0,1000.0,1010.0,1680.0,1910.0
1209,250.0,900.0,900.0,1400.0,2370.0
513,270.0,960.0,1000.0,1330.0,1460.0
335,270.0,1120.0,1070.0,1290.0,1590.0
191,280.0,940.0,950.0,1650.0,1510.0
494,250.0,970.0,1030.0,1540.0,1570.0
846,250.0,750.0,1070.0,1620.0,2010.0
192,260.0,1000.0,990.0,1520.0,1930.0
193,270.0,890.0,1070.0,1970.0,1690.0
365,250.0,960.0,970.0,1630.0,1760.0
512,250.0,1080.0,1080.0,2040.0,1930.0
194,260.0,840.0,1020.0,1920.0,1950.0
598,250.0,990.0,1000.0,1690.0,1880.0
541,270.0,1020.0,1070.0,1510.0,1640.0
376,250.0,990.0,990.0,1840.0,1830.0
195,270.0,1000.0,1030.0,1660.0,1690.0
443,250.0,1120.0,1030.0,1490.0,2000.0
196,280.0,1090.0,1110.0,1960.0,1530.0
1177,250.0,780.0,1100.0,1660.0,2030.0
1020,220.0,960.0,960.0,1790.0,1450.0
369,270.0,830.0,1000.0,1500.0,2080.0
197,260.0,970.0,1150.0,1640.0,1930.0
1145,240.0,840.0,1000.0,1680.0,2090.0
198,200.0,770.0,1370.0,1380.0,1450.0
367,260.0,830.0,1000.0,1500.0,2040.0
939,260.0,840.0,1050.0,1470.0,1980.0
200,260.0,870.0,850.0,1440.0,1730.0
201,260.0,940.0,1000.0,1990.0,1730.0
366,250.0,990.0,990.0,1340.0,2180.0
1021,240.0,810.0,1250.0,1520.0,1820.0
409,260.0,1010.0,1100.0,1660.0,1900.0
202,270.0,850.0,960.0,1610.0,1670.0
410,250.0,1050.0,1120.0,1510.0,2020.0
1022,240.0,880.0,1070.0,1700.0,1920.0
888,230.0,880.0,1160.0,1750.0,2330.0
203,270.0,890.0,980.0,1480.0,1640.0
1107,260.0,880.0,1080.0,1580.0,2130.0
1108,260.0,790.0,1030.0,1760.0,2130.0
204,280.0,910.0,1080.0,1620.0,1630.0
1175,240.0,760.0,1120.0,1670.0,1990.0
1236,250.0,860.0,1170.0,1650.0,1780.0
1176,250.0,760.0,1110.0,1760.0,1940.0
205,270.0,980.0,990.0,1490.0,1700.0
1182,250.0,920.0,1030.0,1530.0,1920.0
1181,250.0,940.0,1150.0,1570.0,2370.0
206,290.0,990.0,1040.0,1910.0,1760.0
1031,260.0,870.0,1100.0,1500.0,1860.0
1023,260.0,880.0,940.0,1360.0,1810.0
1205,250.0,840.0,900.0,1570.0,1850.0
207,260.0,870.0,1000.0,1670.0,1900.0
943,230.0,860.0,1170.0,1430.0,2030.0
752,260.0,820.0,1080.0,1250.0,1940.0
238,260.0,1080.0,1080.0,1610.0,1770.0
953,250.0,930.0,1040.0,1570.0,1860.0
209,250.0,910.0,990.0,1780.0,1890.0
630,270.0,1060.0,1050.0,1560.0,2070.0
952,250.0,930.0,940.0,1470.0,1850.0
210,250.0,840.0,1000.0,2270.0,1850.0
751,260.0,830.0,1120.0,1270.0,1850.0
211,260.0,920.0,1010.0,1690.0,1940.0
1160,240.0,860.0,1140.0,1430.0,1970.0
763,250.0,800.0,1180.0,1620.0,1990.0
954,250.0,960.0,960.0,1600.0,1730.0
212,300.0,1020.0,1050.0,2030.0,1830.0
955,250.0,920.0,1140.0,1470.0,1690.0
1025,250.0,860.0,1080.0,1730.0,1710.0
473,250.0,650.0,1140.0,1490.0,1600.0
286,260.0,860.0,1000.0,1510.0,2000.0
215,260.0,870.0,1030.0,1640.0,1770.0
551,250.0,780.0,1180.0,1570.0,1930.0
729,220.0,930.0,1050.0,1750.0,2010.0
430,270.0,970.0,1170.0,1580.0,1800.0
216,250.0,920.0,1010.0,1860.0,1960.0
1041,250.0,840.0,1090.0,1760.0,1780.0
1040,260.0,850.0,1090.0,1790.0,2040.0
217,250.0,1150.0,1150.0,1860.0,1540.0
1042,250.0,870.0,1010.0,1630.0,2130.0
1026,250.0,870.0,1090.0,1510.0,1900.0
1043,250.0,840.0,1170.0,1620.0,1710.0
904,230.0,860.0,970.0,1510.0,2060.0
1161,240.0,860.0,1160.0,1440.0,2090.0
1246,230.0,930.0,1010.0,1420.0,2000.0
1275,240.0,870.0,1150.0,1740.0,1900.0
318,260.0,850.0,1010.0,1520.0,2140.0
220,260.0,880.0,1050.0,1660.0,1580.0
1061,250.0,800.0,1160.0,1630.0,2020.0
221,260.0,910.0,1090.0,1730.0,1710.0
715,310.0,1200.0,1010.0,1610.0,1720.0
1027,240.0,810.0,940.0,1600.0,1380.0
1119,260.0,880.0,1200.0,1810.0,2270.0
222,260.0,890.0,1070.0,1780.0,2120.0
1152,260.0,910.0,1140.0,1630.0,2060.0
224,250.0,1100.0,880.0,1640.0,1710.0
750,260.0,810.0,1090.0,1230.0,2110.0
391,250.0,1020.0,1200.0,1420.0,1610.0
327,250.0,860.0,1250.0,1730.0,1810.0
225,250.0,1150.0,700.0,1210.0,1950.0
1073,240.0,880.0,1080.0,1640.0,2130.0
1074,240.0,890.0,1190.0,1790.0,1890.0
226,260.0,860.0,1020.0,1720.0,2090.0
948,270.0,960.0,950.0,1760.0,1880.0
1028,260.0,840.0,1050.0,1670.0,1640.0
794,250.0,890.0,990.0,1420.0,1850.0
227,270.0,1040.0,920.0,1890.0,1680.0
563,310.0,940.0,1250.0,1660.0,1890.0
228,280.0,1030.0,1030.0,1560.0,1980.0
793,250.0,860.0,1170.0,1580.0,1960.0
1029,240.0,780.0,980.0,1630.0,1630.0
980,260.0,920.0,1230.0,1350.0,2050.0
229,270.0,1050.0,1200.0,1880.0,1670.0
1180,250.0,900.0,950.0,1690.0,2090.0
1151,250.0,840.0,940.0,1510.0,1980.0
230,260.0,980.0,1030.0,1720.0,1910.0
328,250.0,810.0,1180.0,1630.0,1790.0
325,250.0,810.0,1090.0,1630.0,1720.0
231,240.0,950.0,950.0,1820.0,1640.0
326,250.0,810.0,1070.0,1480.0,1840.0
232,250.0,940.0,950.0,1780.0,1780.0
469,250.0,880.0,1060.0,1480.0,1820.0
692,240.0,770.0,1020.0,1670.0,2240.0
236,270.0,850.0,970.0,1890.0,2080.0
1084,230.0,730.0,1090.0,1680.0,1970.0
237,270.0,1050.0,1060.0,1280.0,1610.0
1294,240.0,810.0,1000.0,1510.0,2160.0
285,270.0,980.0,970.0,1480.0,1740.0
1030,260.0,830.0,1170.0,1630.0,1630.0
1136,250.0,860.0,1150.0,1940.0,1990.0
239,240.0,790.0,1060.0,1960.0,1460.0
454,240.0,780.0,1030.0,1820.0,2160.0
523,260.0,860.0,990.0,1480.0,1520.0
240,270.0,990.0,990.0,1580.0,1850.0
1067,250.0,900.0,900.0,1400.0,2120.0
1135,250.0,840.0,1110.0,1810.0,1920.0
241,270.0,1040.0,1040.0,1570.0,1730.0
834,270.0,910.0,1050.0,1670.0,2030.0
988,250.0,900.0,1190.0,1790.0,2010.0
243,280.0,1080.0,990.0,1930.0,1530.0
425,270.0,870.0,1090.0,1310.0,2090.0
426,250.0,890.0,1100.0,1440.0,1930.0
244,260.0,1090.0,1080.0,1640.0,1440.0
989,250.0,900.0,1170.0,1790.0,1810.0
245,280.0,840.0,1210.0,1520.0,1900.0
257,240.0,770.0,890.0,1540.0,2300.0
625,220.0,710.0,1210.0,1440.0,1790.0
246,280.0,970.0,1070.0,1780.0,1520.0
255,260.0,820.0,990.0,1780.0,1860.0
309,260.0,960.0,990.0,1670.0,1980.0
247,270.0,990.0,990.0,1490.0,1920.0
414,260.0,840.0,1270.0,1330.0,2150.0
809,250.0,860.0,1100.0,1730.0,1940.0
248,250.0,1010.0,1010.0,1530.0,2050.0
827,250.0,820.0,1090.0,1770.0,1900.0
772,260.0,870.0,1000.0,1660.0,1970.0
249,270.0,1030.0,1030.0,1750.0,2010.0
451,270.0,1040.0,1040.0,1660.0,2140.0
773,260.0,940.0,990.0,1640.0,1970.0
250,270.0,1050.0,1050.0,1590.0,1380.0
645,260.0,810.0,930.0,1610.0,1980.0
727,260.0,890.0,990.0,1680.0,1940.0
557,260.0,830.0,1230.0,1230.0,2200.0
728,260.0,890.0,1010.0,1570.0,2340.0
1034,240.0,880.0,1070.0,1670.0,1880.0
616,240.0,770.0,1040.0,1530.0,2090.0
254,230.0,1030.0,1090.0,1230.0,1520.0
1304,240.0,740.0,1000.0,1910.0,1950.0
413,270.0,840.0,1260.0,1490.0,1920.0
1235,240.0,860.0,1140.0,1840.0,1940.0
441,260.0,840.0,1120.0,1610.0,2140.0
256,270.0,1020.0,1020.0,2050.0,1490.0
644,260.0,1000.0,1010.0,1510.0,2240.0
532,250.0,820.0,1080.0,1280.0,2100.0
823,250.0,790.0,1040.0,1590.0,2000.0
258,250.0,790.0,790.0,1590.0,1910.0
317,260.0,1030.0,1030.0,1640.0,1640.0
964,250.0,870.0,880.0,1680.0,2180.0
1036,260.0,870.0,940.0,1820.0,2010.0
1066,250.0,900.0,1000.0,1810.0,2060.0
871,230.0,860.0,980.0,1850.0,1890.0
261,300.0,960.0,1010.0,1450.0,1880.0
870,240.0,880.0,970.0,1910.0,1800.0
1089,240.0,770.0,1150.0,1440.0,2110.0
555,240.0,980.0,1290.0,1690.0,1580.0
265,260.0,970.0,970.0,1450.0,1840.0
780,250.0,990.0,990.0,1670.0,1700.0
1037,260.0,820.0,930.0,1550.0,2110.0
267,270.0,1070.0,1210.0,1940.0,1770.0
1126,250.0,860.0,1140.0,1830.0,1580.0
1148,240.0,840.0,1080.0,1610.0,2020.0
501,270.0,1060.0,1050.0,1910.0,1710.0
1120,240.0,860.0,1150.0,1720.0,1920.0
355,260.0,1020.0,1030.0,1800.0,1950.0
272,250.0,800.0,1220.0,1600.0,1760.0
595,270.0,800.0,1180.0,1590.0,1730.0
273,260.0,1020.0,1020.0,1540.0,1580.0
705,250.0,1000.0,1000.0,1600.0,1840.0
764,250.0,800.0,1080.0,2000.0,1730.0
824,250.0,800.0,800.0,1870.0,2180.0
274,270.0,950.0,950.0,1830.0,2110.0
965,250.0,880.0,890.0,1560.0,2530.0
275,280.0,990.0,990.0,1500.0,1690.0
947,260.0,910.0,1010.0,1460.0,1790.0
1039,240.0,940.0,1050.0,1560.0,1800.0
1081,250.0,860.0,920.0,1310.0,1930.0
277,250.0,790.0,1060.0,1590.0,2080.0
767,250.0,940.0,960.0,1480.0,1910.0
1082,260.0,850.0,1100.0,1290.0,1970.0
923,250.0,940.0,1330.0,1800.0,1890.0
1279,250.0,860.0,1140.0,1610.0,1900.0
1280,240.0,850.0,1110.0,1650.0,1730.0
280,270.0,990.0,1040.0,1570.0,1530.0
851,250.0,860.0,1040.0,1580.0,1990.0
281,270.0,840.0,1010.0,1520.0,1610.0
922,250.0,920.0,1250.0,1830.0,1850.0
850,260.0,850.0,1080.0,1600.0,1900.0
282,280.0,930.0,1160.0,1380.0,1630.0
841,250.0,870.0,1040.0,1720.0,1670.0
825,250.0,830.0,1100.0,2060.0,1970.0
840,250.0,900.0,1010.0,1420.0,1760.0
852,260.0,850.0,1050.0,1600.0,1980.0
284,260.0,980.0,980.0,1960.0,1510.0
853,250.0,860.0,1070.0,1590.0,1850.0
855,260.0,830.0,1100.0,1570.0,2120.0
946,260.0,870.0,1020.0,1480.0,1740.0
869,230.0,890.0,940.0,1540.0,2140.0
1156,250.0,850.0,1040.0,1590.0,1800.0
766,230.0,830.0,1170.0,1670.0,1550.0
416,280.0,860.0,1060.0,1550.0,1660.0
287,250.0,810.0,1200.0,1630.0,1740.0
730,240.0,900.0,1000.0,1630.0,1600.0
1060,250.0,900.0,1170.0,1620.0,2010.0
289,260.0,980.0,1290.0,1290.0,2120.0
856,250.0,950.0,1320.0,1590.0,1850.0
574,260.0,1030.0,1040.0,1930.0,1340.0
290,250.0,1000.0,1180.0,1590.0,1780.0
1218,250.0,860.0,1120.0,1580.0,1850.0
503,230.0,740.0,990.0,1770.0,1990.0
294,260.0,1050.0,1190.0,1530.0,1860.0
1219,250.0,890.0,940.0,1710.0,2270.0
295,260.0,1040.0,1150.0,1800.0,1850.0
868,250.0,790.0,1050.0,1580.0,2110.0
504,250.0,880.0,1020.0,1760.0,2060.0
921,250.0,830.0,1120.0,2000.0,1810.0
297,250.0,780.0,1040.0,2010.0,1520.0
564,270.0,1040.0,1250.0,1450.0,1560.0
298,230.0,760.0,1070.0,2160.0,1480.0
857,240.0,950.0,1270.0,1600.0,2010.0
299,290.0,920.0,1030.0,1720.0,2360.0
465,260.0,840.0,1180.0,1660.0,2180.0
903,240.0,850.0,1220.0,1650.0,1630.0
300,260.0,940.0,1140.0,1320.0,1960.0
731,250.0,1050.0,1170.0,1640.0,1790.0
302,260.0,900.0,1040.0,1460.0,1930.0
978,260.0,950.0,950.0,1580.0,1990.0
854,260.0,830.0,1070.0,1500.0,2350.0
303,280.0,980.0,1050.0,1920.0,1290.0
553,260.0,980.0,990.0,1990.0,1770.0
304,280.0,1010.0,1010.0,1510.0,1700.0
693,260.0,840.0,1120.0,1620.0,1360.0
1266,250.0,880.0,1150.0,1460.0,2300.0
305,280.0,1010.0,1050.0,1750.0,1550.0
1299,250.0,860.0,890.0,1560.0,1720.0
1046,240.0,860.0,1150.0,1740.0,1810.0
1154,260.0,880.0,1150.0,1730.0,1720.0
306,230.0,1090.0,1090.0,1620.0,2090.0
552,260.0,880.0,1040.0,2060.0,1820.0
307,260.0,990.0,1000.0,1660.0,1930.0
1153,250.0,880.0,1160.0,1470.0,1580.0
308,260.0,990.0,1010.0,1630.0,1920.0
924,240.0,900.0,1150.0,1540.0,1930.0
1047,240.0,880.0,1170.0,1330.0,2200.0
1064,260.0,910.0,1000.0,1650.0,1890.0
812,240.0,880.0,990.0,1640.0,1820.0
1048,260.0,820.0,1090.0,1660.0,1960.0
313,250.0,820.0,1090.0,1780.0,1450.0
310,280.0,970.0,960.0,1610.0,1440.0
1193,250.0,900.0,1180.0,1510.0,1590.0
1265,250.0,870.0,1140.0,1560.0,2250.0
311,300.0,1020.0,1020.0,1870.0,1850.0
813,240.0,920.0,1010.0,1630.0,1760.0
1264,250.0,890.0,1130.0,1480.0,2130.0
312,270.0,1010.0,1210.0,1940.0,2130.0
556,250.0,840.0,1020.0,1800.0,1550.0
1194,250.0,870.0,1010.0,1650.0,1570.0
1049,240.0,910.0,1160.0,1890.0,1860.0
1298,250.0,820.0,820.0,1650.0,1720.0
314,260.0,880.0,1110.0,1400.0,2220.0
925,240.0,770.0,1270.0,1540.0,1930.0
315,250.0,790.0,1120.0,1580.0,2250.0
662,260.0,980.0,900.0,1900.0,1190.0
316,260.0,990.0,990.0,1490.0,1880.0
1173,230.0,920.0,1130.0,1720.0,1850.0
817,260.0,790.0,1400.0,1330.0,1490.0
726,250.0,790.0,1180.0,1590.0,1870.0
319,280.0,980.0,1060.0,1900.0,1770.0
482,260.0,1010.0,1130.0,1540.0,1590.0
321,240.0,1000.0,1200.0,1200.0,2220.0
1050,250.0,900.0,950.0,1720.0,2200.0
322,280.0,920.0,1010.0,1400.0,1650.0
323,250.0,910.0,920.0,1460.0,1970.0
716,250.0,890.0,1020.0,1520.0,1530.0
1098,230.0,740.0,1260.0,1640.0,1800.0
324,270.0,900.0,1080.0,1570.0,1820.0
674,260.0,950.0,960.0,1910.0,1860.0
1051,270.0,850.0,1120.0,1550.0,1970.0
383,260.0,970.0,1230.0,1630.0,2370.0
524,250.0,800.0,1190.0,1620.0,1550.0
368,270.0,1030.0,1040.0,1780.0,1740.0
847,260.0,880.0,1270.0,1470.0,2000.0
507,250.0,1000.0,1190.0,1630.0,1870.0
1052,250.0,860.0,1120.0,1660.0,1860.0
329,280.0,990.0,990.0,1660.0,1740.0
859,240.0,860.0,1070.0,1720.0,1800.0
949,250.0,920.0,920.0,1530.0,1880.0
330,290.0,830.0,1040.0,1770.0,1880.0
331,250.0,820.0,1150.0,1630.0,1950.0
433,280.0,1040.0,1040.0,1920.0,1520.0
332,270.0,860.0,1020.0,1500.0,2170.0
1053,250.0,850.0,1160.0,1480.0,1770.0
420,260.0,980.0,1040.0,1690.0,1930.0
333,280.0,880.0,1020.0,1060.0,2170.0
858,240.0,940.0,1000.0,1770.0,1930.0
334,310.0,850.0,1060.0,1470.0,2380.0
873,250.0,760.0,980.0,1730.0,1800.0
559,260.0,800.0,890.0,1690.0,1920.0
1054,250.0,930.0,1050.0,1550.0,2040.0
950,250.0,940.0,1140.0,1460.0,1800.0
1065,230.0,730.0,1110.0,1530.0,1970.0
993,250.0,1000.0,1110.0,1760.0,1930.0
337,280.0,930.0,940.0,1250.0,1760.0
995,250.0,880.0,970.0,1570.0,2320.0
785,260.0,940.0,1140.0,1650.0,2260.0
661,250.0,1000.0,1170.0,1520.0,1300.0
338,260.0,960.0,1140.0,1370.0,1830.0
1091,260.0,870.0,1170.0,1740.0,1960.0
339,210.0,710.0,1420.0,1400.0,1410.0
412,260.0,1030.0,1230.0,1650.0,1460.0
1055,240.0,850.0,980.0,1600.0,1840.0
976,240.0,930.0,1350.0,1510.0,2020.0
340,270.0,1030.0,1090.0,1580.0,1740.0
975,250.0,920.0,1310.0,1700.0,1930.0
1056,240.0,880.0,960.0,1550.0,1840.0
977,230.0,940.0,1000.0,1700.0,1590.0
345,260.0,840.0,990.0,1830.0,2260.0
996,250.0,860.0,1290.0,1610.0,2360.0
481,270.0,980.0,1140.0,1270.0,1740.0
1086,250.0,900.0,1200.0,1810.0,2010.0
994,250.0,990.0,1010.0,1670.0,1900.0
347,260.0,1040.0,1030.0,1650.0,1580.0
974,230.0,980.0,870.0,1710.0,1880.0
421,260.0,1070.0,1060.0,1820.0,1560.0
348,270.0,980.0,970.0,1480.0,1760.0
1057,280.0,940.0,1010.0,1510.0,1860.0
350,280.0,880.0,1050.0,1630.0,1500.0
542,300.0,830.0,1030.0,1520.0,2240.0
832,240.0,950.0,1120.0,1600.0,2480.0
351,260.0,950.0,1040.0,1580.0,2100.0
765,280.0,940.0,1010.0,1510.0,2250.0
352,260.0,880.0,980.0,1810.0,2140.0
422,270.0,910.0,1120.0,1680.0,1660.0
1058,270.0,910.0,970.0,1470.0,1770.0
658,290.0,930.0,1000.0,1500.0,2360.0
353,260.0,890.0,970.0,1460.0,2070.0
783,250.0,860.0,1090.0,1630.0,1680.0
354,270.0,950.0,970.0,1620.0,1660.0
960,250.0,730.0,1090.0,2070.0,1460.0
902,250.0,890.0,1130.0,1890.0,1380.0
1059,270.0,870.0,1160.0,1740.0,2080.0
1166,250.0,850.0,1150.0,1570.0,1740.0
356,270.0,1040.0,1050.0,1880.0,1690.0
1164,260.0,880.0,1070.0,1460.0,1750.0
357,270.0,970.0,980.0,1810.0,1900.0
587,260.0,940.0,1130.0,1690.0,2060.0
959,250.0,970.0,1120.0,1860.0,1210.0
360,260.0,910.0,940.0,2050.0,1800.0
901,250.0,840.0,1100.0,1590.0,1420.0
1163,250.0,890.0,1140.0,1340.0,1710.0
361,270.0,900.0,940.0,2040.0,1830.0
1165,250.0,900.0,1220.0,1630.0,1510.0
362,260.0,940.0,940.0,2060.0,1820.0
828,280.0,870.0,1050.0,1400.0,2020.0
363,270.0,940.0,950.0,1910.0,1960.0
1162,250.0,840.0,1110.0,1290.0,1820.0
933,250.0,880.0,990.0,1480.0,1980.0
1167,260.0,860.0,1160.0,1590.0,1720.0
799,250.0,960.0,990.0,1570.0,1380.0
1269,250.0,870.0,1160.0,1730.0,2100.0
436,280.0,840.0,1010.0,1540.0,1660.0
932,250.0,910.0,920.0,1540.0,1860.0
1268,250.0,870.0,960.0,1730.0,1950.0
808,240.0,870.0,1100.0,1650.0,1620.0
370,270.0,1040.0,1040.0,1740.0,1510.0
1063,240.0,860.0,1130.0,1630.0,1880.0
777,290.0,1010.0,1020.0,1520.0,2080.0
371,250.0,800.0,1140.0,1600.0,1770.0
1220,260.0,850.0,1140.0,1710.0,1740.0
373,280.0,840.0,1240.0,1700.0,1920.0
1140,250.0,870.0,1060.0,1730.0,1950.0
1222,250.0,770.0,1150.0,1730.0,1950.0
374,290.0,830.0,1230.0,1650.0,1670.0
388,270.0,860.0,1300.0,1500.0,1510.0
548,270.0,860.0,1080.0,1540.0,2270.0
375,290.0,850.0,1060.0,1590.0,1470.0
571,260.0,1030.0,1040.0,1740.0,1570.0
776,280.0,1010.0,1260.0,1530.0,1850.0
506,280.0,990.0,990.0,1500.0,1720.0
378,260.0,720.0,1070.0,2040.0,2320.0
831,240.0,960.0,1170.0,1800.0,2180.0
699,250.0,870.0,1040.0,1690.0,1660.0
849,260.0,840.0,1310.0,1610.0,1850.0
386,250.0,950.0,950.0,1550.0,1670.0
798,240.0,900.0,1000.0,1660.0,1750.0
407,260.0,1070.0,1280.0,1290.0,1660.0
1221,250.0,770.0,1150.0,1720.0,1880.0
1258,250.0,890.0,890.0,1490.0,1970.0
387,270.0,870.0,1050.0,1920.0,1650.0
1083,250.0,880.0,1120.0,1720.0,1700.0
519,270.0,1110.0,680.0,1620.0,2100.0
450,250.0,810.0,1190.0,1780.0,1640.0
1068,270.0,810.0,1110.0,1810.0,1870.0
810,260.0,880.0,930.0,1740.0,1660.0
787,270.0,900.0,940.0,1860.0,2010.0
956,230.0,840.0,1180.0,1710.0,2020.0
842,250.0,980.0,980.0,1660.0,1950.0
789,270.0,930.0,930.0,1870.0,1830.0
490,250.0,800.0,930.0,1860.0,1790.0
1069,270.0,810.0,1160.0,1780.0,1990.0
395,290.0,860.0,980.0,1700.0,1770.0
396,280.0,860.0,990.0,1690.0,1530.0
788,270.0,930.0,930.0,1870.0,1880.0
1093,250.0,870.0,1170.0,1740.0,1790.0
399,280.0,850.0,630.0,2130.0,1320.0
400,290.0,840.0,630.0,2100.0,1430.0
401,280.0,840.0,840.0,2110.0,1510.0
1092,260.0,900.0,1160.0,1660.0,1920.0
790,260.0,890.0,940.0,1880.0,2120.0
639,270.0,1010.0,1050.0,1900.0,1780.0
405,260.0,1070.0,1140.0,1680.0,1690.0
638,270.0,1030.0,1040.0,1570.0,1670.0
1259,250.0,880.0,1160.0,1750.0,2160.0
406,250.0,1000.0,1060.0,1740.0,1820.0
586,250.0,920.0,1240.0,1840.0,1660.0
408,300.0,940.0,1170.0,1560.0,1890.0
961,260.0,990.0,1260.0,1620.0,1500.0
561,260.0,900.0,1100.0,1520.0,2060.0
476,260.0,840.0,990.0,1500.0,1430.0
1260,240.0,840.0,1150.0,1610.0,1880.0
471,300.0,1040.0,1250.0,1700.0,1380.0
1077,260.0,850.0,1020.0,1600.0,1850.0
962,240.0,930.0,1180.0,1660.0,1850.0
477,300.0,970.0,970.0,1620.0,1030.0
418,280.0,850.0,1040.0,1890.0,1530.0
1100,250.0,730.0,1440.0,1460.0,1190.0
910,230.0,870.0,830.0,1540.0,2090.0
604,270.0,930.0,950.0,1430.0,1640.0
1101,250.0,730.0,1450.0,1720.0,1300.0
1078,260.0,830.0,1010.0,1590.0,1340.0
470,280.0,850.0,1020.0,1710.0,1800.0
741,280.0,1080.0,1020.0,1550.0,1580.0
1141,250.0,820.0,1120.0,1500.0,1760.0
423,260.0,990.0,1000.0,1510.0,1800.0
1079,260.0,900.0,1010.0,1640.0,1560.0
424,280.0,970.0,1010.0,1520.0,1530.0
673,250.0,910.0,1130.0,1820.0,1640.0
1142,250.0,830.0,1110.0,1670.0,1930.0
496,260.0,1080.0,1100.0,1170.0,2060.0
909,240.0,1000.0,1150.0,1540.0,1740.0
428,270.0,1050.0,1060.0,1630.0,1850.0
1143,250.0,840.0,1120.0,1690.0,1950.0
429,280.0,1080.0,1080.0,1630.0,1910.0
447,270.0,940.0,940.0,1800.0,1510.0
431,250.0,970.0,1060.0,1680.0,1680.0
908,240.0,890.0,1160.0,1540.0,1810.0
1080,260.0,820.0,1070.0,1590.0,1670.0
807,260.0,890.0,940.0,1460.0,1880.0
432,260.0,980.0,990.0,1510.0,2200.0
740,280.0,970.0,1020.0,1540.0,1220.0
724,260.0,950.0,970.0,1570.0,1690.0
1168,230.0,930.0,1110.0,1670.0,1770.0
919,250.0,860.0,1020.0,1860.0,1820.0
434,270.0,980.0,990.0,1900.0,1760.0
866,250.0,910.0,1220.0,1730.0,2050.0
435,250.0,940.0,950.0,1910.0,1500.0
918,250.0,860.0,960.0,1910.0,1900.0
565,250.0,870.0,950.0,1430.0,1330.0
437,280.0,830.0,960.0,1670.0,1740.0
603,260.0,860.0,1020.0,1450.0,1640.0
439,210.0,670.0,1330.0,1330.0,1550.0
920,250.0,860.0,960.0,1910.0,1700.0
876,240.0,800.0,800.0,1730.0,2050.0
440,250.0,910.0,1230.0,1600.0,1940.0
1301,230.0,900.0,1030.0,1600.0,1890.0
626,270.0,860.0,950.0,1730.0,2070.0
442,250.0,980.0,990.0,1850.0,1890.0
833,260.0,870.0,880.0,1440.0,1720.0
694,270.0,860.0,870.0,1740.0,1910.0
444,270.0,880.0,880.0,1760.0,2170.0
1300,240.0,940.0,1020.0,1760.0,1890.0
445,310.0,1020.0,1060.0,1660.0,1530.0
455,270.0,970.0,980.0,1900.0,1590.0
805,230.0,860.0,750.0,1740.0,1730.0
448,270.0,950.0,940.0,1430.0,2160.0
1240,260.0,870.0,870.0,1740.0,1670.0
1085,250.0,890.0,900.0,1800.0,2200.0
543,300.0,990.0,1000.0,1490.0,1870.0
1238,260.0,870.0,1030.0,1760.0,1610.0
1274,250.0,880.0,1130.0,1720.0,1880.0
667,260.0,940.0,1070.0,1570.0,1900.0
1272,250.0,890.0,1050.0,1740.0,1960.0
1239,260.0,900.0,900.0,1720.0,1680.0
1273,250.0,920.0,1220.0,1670.0,1870.0
453,260.0,910.0,1100.0,1650.0,1940.0
757,260.0,1010.0,1160.0,1790.0,1870.0
1087,250.0,900.0,1070.0,1900.0,1820.0
1237,250.0,890.0,930.0,1780.0,1620.0
1097,250.0,860.0,1070.0,1690.0,1930.0
1271,250.0,900.0,1020.0,1800.0,2000.0
456,270.0,980.0,990.0,1600.0,1750.0
930,250.0,910.0,1150.0,1820.0,2060.0
457,280.0,1020.0,1240.0,1600.0,1580.0
1250,250.0,830.0,1030.0,1660.0,1970.0
1088,250.0,890.0,1180.0,1600.0,1510.0
505,270.0,1020.0,1010.0,1520.0,1790.0
458,260.0,900.0,750.0,2250.0,1570.0
898,260.0,960.0,1070.0,1840.0,1740.0
795,230.0,840.0,1080.0,1350.0,1820.0
461,260.0,980.0,1300.0,1300.0,1880.0
1251,240.0,820.0,990.0,1710.0,1930.0
491,260.0,950.0,1030.0,1800.0,1790.0
462,260.0,960.0,970.0,1460.0,1840.0
897,260.0,960.0,1060.0,1850.0,1830.0
643,270.0,920.0,1080.0,1790.0,1960.0
474,260.0,1000.0,1000.0,1660.0,1590.0
463,230.0,1050.0,1260.0,1670.0,980.0
479,270.0,950.0,1030.0,1580.0,1670.0
895,260.0,910.0,1050.0,1900.0,1810.0
1090,250.0,850.0,1180.0,1770.0,2170.0
929,260.0,930.0,1130.0,1920.0,1950.0
467,240.0,770.0,1020.0,1870.0,1330.0
600,340.0,880.0,1110.0,1540.0,1770.0
896,270.0,950.0,960.0,1810.0,1950.0
468,270.0,940.0,940.0,1900.0,1740.0
931,250.0,890.0,1040.0,1770.0,2090.0
928,260.0,950.0,1110.0,1740.0,1890.0
874,260.0,970.0,960.0,1590.0,1900.0
935,250.0,940.0,1170.0,1590.0,1730.0
472,280.0,920.0,1050.0,1610.0,1700.0
520,270.0,890.0,1080.0,1970.0,1440.0
786,270.0,890.0,1000.0,1530.0,1950.0
822,230.0,890.0,1050.0,1380.0,1990.0
712,260.0,930.0,1080.0,1930.0,1860.0
475,240.0,750.0,920.0,1450.0,2180.0
617,250.0,790.0,1110.0,1580.0,1770.0
860,300.0,810.0,940.0,1620.0,1410.0
875,260.0,950.0,1030.0,1950.0,1860.0
619,260.0,760.0,910.0,1620.0,1570.0
478,300.0,980.0,980.0,1710.0,1580.0
1157,250.0,870.0,1160.0,1510.0,1860.0
521,260.0,910.0,1020.0,1540.0,1730.0
522,250.0,800.0,1200.0,1610.0,1450.0
1094,250.0,880.0,1130.0,1720.0,1860.0
1225,250.0,880.0,1170.0,1550.0,1730.0
480,260.0,930.0,1000.0,1500.0,1800.0
934,250.0,1040.0,1000.0,1730.0,1960.0
816,250.0,850.0,1170.0,1510.0,1810.0
609,280.0,890.0,1220.0,1360.0,1820.0
483,280.0,960.0,970.0,1690.0,1940.0
1095,250.0,780.0,1050.0,1310.0,2010.0
745,250.0,780.0,1030.0,1580.0,1900.0
484,260.0,920.0,1010.0,1610.0,1810.0
487,260.0,900.0,950.0,1600.0,2030.0
488,260.0,950.0,1010.0,1690.0,1780.0
1096,260.0,860.0,1180.0,1540.0,1910.0
567,240.0,780.0,1100.0,1560.0,1900.0
536,280.0,900.0,1240.0,1740.0,1900.0
806,230.0,750.0,1120.0,1810.0,2000.0
498,290.0,1040.0,1240.0,1350.0,1940.0
709,260.0,880.0,1070.0,1770.0,1580.0
558,260.0,800.0,1120.0,1290.0,2050.0
537,280.0,920.0,1040.0,1770.0,1770.0
499,260.0,840.0,990.0,1840.0,1820.0
1158,260.0,870.0,1120.0,1600.0,1860.0
1099,250.0,860.0,1030.0,1560.0,1880.0
621,280.0,880.0,1050.0,1580.0,1830.0
753,260.0,750.0,1290.0,1520.0,2190.0
597,270.0,920.0,1000.0,1510.0,1580.0
746,250.0,780.0,1030.0,1700.0,2180.0
1226,250.0,860.0,870.0,1730.0,2230.0
620,280.0,890.0,1050.0,1580.0,1760.0
905,230.0,940.0,950.0,1410.0,1900.0
508,280.0,1010.0,1080.0,1450.0,1890.0
568,240.0,770.0,1100.0,1550.0,1790.0
1102,250.0,890.0,1090.0,1340.0,2420.0
509,270.0,1020.0,1070.0,1500.0,1930.0
535,280.0,890.0,1010.0,1810.0,1940.0
511,310.0,900.0,1140.0,1340.0,2410.0
703,250.0,770.0,1020.0,1610.0,1790.0
1103,260.0,890.0,990.0,1490.0,2340.0
761,270.0,1010.0,1030.0,1530.0,2010.0
1104,240.0,910.0,1120.0,1610.0,2080.0
762,270.0,990.0,1010.0,1520.0,2130.0
1201,250.0,850.0,1130.0,1690.0,1670.0
518,270.0,1120.0,760.0,1310.0,1960.0
951,250.0,810.0,940.0,1720.0,2130.0
641,280.0,930.0,1100.0,1570.0,1760.0
1105,260.0,890.0,1190.0,1480.0,1930.0
614,270.0,870.0,980.0,1480.0,1910.0
704,240.0,800.0,910.0,1830.0,1820.0
615,270.0,860.0,980.0,1480.0,1940.0
1106,240.0,870.0,1170.0,1680.0,1960.0
635,270.0,930.0,1070.0,1600.0,1700.0
1297,250.0,840.0,1040.0,1670.0,1800.0
723,240.0,790.0,1050.0,1580.0,2160.0
525,250.0,800.0,1190.0,1560.0,1990.0
698,280.0,1000.0,990.0,1390.0,1810.0
1278,240.0,860.0,1150.0,1740.0,1990.0
1289,260.0,860.0,1140.0,1650.0,1800.0
527,260.0,750.0,940.0,1300.0,2030.0
695,270.0,1000.0,940.0,1270.0,1830.0
528,250.0,830.0,860.0,1770.0,1820.0
1296,240.0,830.0,1180.0,1580.0,1740.0
697,280.0,1030.0,1000.0,1320.0,1930.0
529,240.0,760.0,1020.0,1530.0,2020.0
696,270.0,990.0,920.0,1410.0,1910.0
530,260.0,970.0,980.0,1800.0,1820.0
1290,260.0,850.0,1040.0,1690.0,1790.0
1286,260.0,870.0,1110.0,1460.0,2100.0
531,240.0,850.0,1120.0,1470.0,2160.0
864,230.0,880.0,1100.0,1540.0,2220.0
533,270.0,900.0,1050.0,1510.0,2090.0
665,250.0,920.0,1140.0,1790.0,1480.0
971,260.0,860.0,960.0,1910.0,1720.0
534,260.0,1120.0,1080.0,1370.0,2030.0
966,260.0,820.0,1160.0,1550.0,1850.0
972,260.0,940.0,960.0,1640.0,1820.0
973,260.0,910.0,970.0,1710.0,1810.0
668,260.0,940.0,1010.0,1780.0,1960.0
1111,240.0,900.0,1030.0,1680.0,1720.0
970,260.0,840.0,940.0,1890.0,1810.0
540,260.0,1250.0,1160.0,1600.0,1750.0
998,250.0,890.0,920.0,1820.0,1950.0
666,260.0,940.0,1140.0,1810.0,1650.0
969,270.0,850.0,960.0,1910.0,1750.0
1117,250.0,910.0,1150.0,1750.0,1880.0
1112,240.0,860.0,1140.0,1460.0,1930.0
679,260.0,880.0,980.0,1740.0,1810.0
610,280.0,880.0,1070.0,1540.0,1960.0
682,280.0,890.0,1060.0,1490.0,1980.0
1114,240.0,820.0,1100.0,1590.0,2100.0
596,260.0,850.0,1130.0,1710.0,1660.0
655,280.0,820.0,980.0,1880.0,1990.0
560,260.0,890.0,1200.0,1440.0,2210.0
633,260.0,990.0,1180.0,1810.0,1680.0
1115,250.0,850.0,1130.0,1690.0,2260.0
1249,260.0,890.0,1100.0,1750.0,1810.0
733,260.0,750.0,880.0,1750.0,1980.0
1116,250.0,870.0,1010.0,1640.0,1690.0
1248,260.0,880.0,940.0,1710.0,1790.0
848,240.0,820.0,1070.0,1770.0,1960.0
562,270.0,840.0,1050.0,1520.0,1930.0
890,250.0,870.0,970.0,1470.0,1860.0
687,260.0,920.0,970.0,1460.0,2050.0
914,250.0,890.0,1110.0,1500.0,2340.0
894,250.0,800.0,980.0,1880.0,1640.0
1197,250.0,900.0,950.0,1680.0,1910.0
1118,250.0,840.0,980.0,1820.0,1850.0
1146,250.0,870.0,1140.0,1600.0,1760.0
566,260.0,910.0,1070.0,1540.0,2080.0
913,250.0,890.0,1150.0,1510.0,2090.0
979,240.0,760.0,1020.0,1520.0,2080.0
569,270.0,680.0,1310.0,1350.0,2020.0
601,270.0,880.0,1020.0,1770.0,1780.0
570,270.0,660.0,1200.0,1320.0,1690.0
573,240.0,800.0,1070.0,1590.0,1710.0
893,260.0,1000.0,1270.0,1610.0,1990.0
711,270.0,860.0,970.0,1470.0,2110.0
602,250.0,880.0,1030.0,1630.0,2110.0
1121,240.0,840.0,1140.0,1620.0,2070.0
578,260.0,880.0,1320.0,1640.0,2020.0
882,260.0,850.0,1090.0,1530.0,1790.0
579,270.0,920.0,1370.0,1700.0,1950.0
1122,250.0,870.0,1120.0,1700.0,2130.0
713,270.0,860.0,1030.0,1570.0,1930.0
1270,250.0,840.0,1080.0,1730.0,1800.0
1123,250.0,840.0,1100.0,1560.0,2090.0
1124,250.0,890.0,1000.0,1720.0,2060.0
591,270.0,880.0,1020.0,1520.0,1780.0
592,250.0,930.0,930.0,1400.0,1740.0
1125,250.0,910.0,1040.0,1380.0,2210.0
892,250.0,960.0,1180.0,1460.0,1880.0
593,250.0,820.0,900.0,1650.0,1860.0
1244,260.0,860.0,1140.0,1620.0,1950.0
744,260.0,840.0,1250.0,1570.0,2000.0
681,280.0,880.0,1050.0,1590.0,1890.0
1303,250.0,850.0,1060.0,1610.0,1890.0
1150,260.0,880.0,1060.0,1780.0,2290.0
599,260.0,960.0,980.0,1890.0,1520.0
1149,250.0,810.0,1010.0,1750.0,2150.0
1127,250.0,880.0,1150.0,1720.0,2070.0
622,260.0,940.0,930.0,1410.0,1670.0
1245,260.0,870.0,1010.0,1740.0,2340.0
968,270.0,870.0,980.0,1960.0,1950.0
1128,250.0,870.0,1080.0,1490.0,2140.0
707,240.0,910.0,1110.0,1830.0,1800.0
706,240.0,880.0,1120.0,1520.0,1940.0
605,300.0,1020.0,1210.0,1730.0,2310.0
771,260.0,910.0,1120.0,1700.0,2080.0
606,250.0,820.0,850.0,1650.0,1890.0
1262,250.0,820.0,1160.0,1730.0,1940.0
608,260.0,1000.0,1010.0,1660.0,1520.0
872,250.0,830.0,1200.0,1660.0,1930.0
1263,250.0,860.0,1090.0,1740.0,2090.0
684,250.0,820.0,950.0,1710.0,2110.0
611,260.0,930.0,980.0,1470.0,2080.0
685,250.0,820.0,1100.0,1870.0,1930.0
612,260.0,960.0,950.0,1550.0,1980.0
1295,250.0,840.0,1020.0,1310.0,2320.0
613,260.0,870.0,1040.0,1740.0,1740.0
1132,250.0,910.0,910.0,1810.0,1860.0
1215,260.0,780.0,820.0,2140.0,1710.0
1133,240.0,850.0,1130.0,1410.0,1970.0
818,240.0,820.0,1130.0,1630.0,1970.0
1134,240.0,860.0,1040.0,1710.0,1920.0
839,240.0,920.0,1030.0,1730.0,2310.0
686,250.0,820.0,830.0,1640.0,2300.0
863,270.0,860.0,1070.0,1760.0,1900.0
1261,250.0,830.0,1160.0,1770.0,2120.0
1169,240.0,830.0,1110.0,1650.0,2130.0
623,280.0,970.0,990.0,1490.0,1760.0
1137,240.0,900.0,1010.0,1680.0,1740.0
1138,240.0,880.0,1000.0,1580.0,1920.0
689,270.0,1010.0,1010.0,1450.0,1820.0
678,240.0,750.0,1120.0,1500.0,1950.0
627,290.0,930.0,1290.0,1350.0,1560.0
781,240.0,920.0,950.0,1710.0,2150.0
1139,260.0,880.0,990.0,1580.0,1990.0
963,260.0,930.0,1030.0,1870.0,1710.0
811,260.0,860.0,1120.0,1340.0,2110.0
911,260.0,830.0,890.0,1660.0,1770.0
721,270.0,1000.0,990.0,1460.0,1930.0
634,260.0,970.0,970.0,1480.0,1680.0
663,250.0,790.0,1120.0,1580.0,1700.0
883,270.0,870.0,1090.0,1540.0,1900.0
640,260.0,990.0,990.0,1580.0,2050.0
1186,250.0,860.0,1130.0,1610.0,2140.0
957,250.0,870.0,1080.0,1770.0,1830.0
1188,250.0,860.0,1050.0,1720.0,2110.0
884,270.0,750.0,1080.0,1530.0,1790.0
646,250.0,820.0,1170.0,1250.0,1900.0
647,240.0,810.0,1090.0,1290.0,1930.0
648,240.0,850.0,1250.0,1420.0,2020.0
649,250.0,990.0,1040.0,1600.0,2040.0
1144,250.0,860.0,1140.0,1290.0,1940.0
1189,250.0,850.0,1030.0,1710.0,2050.0
651,250.0,800.0,1160.0,1200.0,1940.0
997,240.0,890.0,1110.0,1540.0,2190.0
1187,250.0,850.0,1030.0,1710.0,2040.0
652,250.0,800.0,1200.0,1330.0,1920.0
653,260.0,970.0,970.0,1610.0,1740.0
958,250.0,860.0,1070.0,1940.0,1760.0
654,250.0,850.0,1040.0,1500.0,1880.0
1230,240.0,850.0,1040.0,1700.0,2120.0
815,290.0,880.0,1300.0,1520.0,1870.0
657,250.0,800.0,1190.0,1500.0,1930.0
1242,250.0,810.0,1150.0,1680.0,1830.0
1227,230.0,850.0,1060.0,1710.0,1910.0
1202,250.0,870.0,1080.0,1690.0,1690.0
659,290.0,970.0,1010.0,1510.0,1900.0
722,270.0,950.0,950.0,1430.0,1890.0
660,280.0,940.0,1010.0,1690.0,1480.0
1228,240.0,850.0,1080.0,1700.0,1980.0
1241,250.0,790.0,1130.0,1480.0,1890.0
1147,250.0,830.0,1030.0,1520.0,1890.0
791,250.0,950.0,1120.0,1630.0,1540.0
1229,240.0,850.0,1020.0,1650.0,2220.0
862,260.0,920.0,980.0,1450.0,1790.0
669,270.0,910.0,1060.0,1600.0,1790.0
670,270.0,1030.0,1030.0,1730.0,1590.0
671,270.0,1040.0,1050.0,1510.0,1900.0
1243,250.0,810.0,1140.0,1490.0,1740.0
672,260.0,1030.0,1030.0,1050.0,1780.0
690,260.0,1010.0,1010.0,1520.0,1940.0
981,260.0,940.0,950.0,1580.0,1870.0
1170,250.0,850.0,1130.0,1620.0,2170.0
836,250.0,800.0,1140.0,1520.0,2000.0
1232,250.0,870.0,1010.0,1750.0,1810.0
677,280.0,970.0,990.0,1420.0,1730.0
1171,250.0,850.0,1130.0,1710.0,1900.0
1172,250.0,840.0,1120.0,1710.0,2040.0
680,270.0,970.0,970.0,1680.0,1990.0
756,260.0,840.0,1070.0,1650.0,2310.0
1287,260.0,840.0,1080.0,1700.0,1910.0
1234,250.0,860.0,1140.0,1730.0,1870.0
1155,260.0,870.0,1010.0,1410.0,2110.0
982,260.0,950.0,950.0,1720.0,2030.0
1231,250.0,860.0,1140.0,1730.0,1990.0
688,270.0,910.0,1180.0,1850.0,1740.0
1285,250.0,870.0,970.0,1720.0,2210.0
1233,250.0,900.0,1190.0,1730.0,1810.0
691,260.0,1020.0,1010.0,1610.0,1810.0
714,270.0,940.0,1080.0,1640.0,1780.0
1206,260.0,780.0,940.0,1710.0,1970.0
792,270.0,900.0,1040.0,1570.0,2020.0
743,240.0,970.0,1150.0,1550.0,1820.0
1254,250.0,820.0,1010.0,1730.0,2340.0
747,270.0,900.0,1050.0,1500.0,1920.0
710,280.0,870.0,1260.0,1810.0,1940.0
1255,250.0,860.0,1070.0,1460.0,2290.0
1256,250.0,800.0,1060.0,1690.0,1980.0
1257,250.0,950.0,1090.0,1500.0,2080.0
1302,250.0,970.0,960.0,1610.0,2580.0
717,240.0,920.0,1040.0,1390.0,1970.0
1203,260.0,890.0,1010.0,1470.0,1980.0
718,250.0,880.0,1170.0,1310.0,2610.0
719,250.0,840.0,1130.0,1690.0,1810.0
720,250.0,790.0,1050.0,1570.0,1530.0
1199,240.0,840.0,1120.0,1120.0,1900.0
1200,250.0,840.0,980.0,1270.0,1990.0
1204,240.0,910.0,1010.0,1380.0,2060.0
861,250.0,890.0,890.0,1560.0,1910.0
732,250.0,820.0,1090.0,2050.0,2120.0
1178,250.0,840.0,1160.0,1710.0,1930.0
1179,250.0,860.0,1200.0,1510.0,2160.0
891,250.0,990.0,1010.0,1510.0,2140.0
917,260.0,870.0,1140.0,1690.0,1890.0
742,250.0,820.0,1640.0,1570.0,1910.0
915,250.0,890.0,1100.0,1340.0,1920.0
748,210.0,790.0,790.0,1920.0,1510.0
1207,240.0,840.0,1050.0,1440.0,2070.0
754,250.0,850.0,1260.0,1670.0,2170.0
755,260.0,850.0,850.0,1700.0,1920.0
819,290.0,940.0,920.0,1840.0,1940.0
820,290.0,1000.0,1170.0,1830.0,2160.0
877,280.0,930.0,1160.0,1850.0,1940.0
1293,250.0,780.0,1160.0,1600.0,2220.0
1198,240.0,890.0,1090.0,1700.0,2040.0
782,250.0,830.0,1090.0,1560.0,2000.0
803,240.0,760.0,1090.0,1470.0,2010.0
837,250.0,800.0,1190.0,1610.0,1930.0
1213,250.0,850.0,1100.0,1440.0,1980.0
983,270.0,1050.0,1030.0,1580.0,1800.0
796,290.0,1030.0,1020.0,1620.0,1650.0
1214,260.0,870.0,1160.0,1460.0,2150.0
802,240.0,760.0,1080.0,1410.0,1980.0
804,250.0,820.0,970.0,1440.0,2200.0
945,240.0,870.0,910.0,1830.0,1590.0
899,260.0,890.0,950.0,1640.0,2100.0
1267,250.0,830.0,1100.0,1540.0,2080.0
900,260.0,890.0,1010.0,1330.0,1910.0
1223,240.0,850.0,1140.0,1710.0,2100.0
1224,250.0,850.0,970.0,1470.0,2130.0
916,260.0,860.0,1070.0,1630.0,1920.0
838,250.0,860.0,1250.0,1340.0,2080.0
1291,240.0,860.0,1090.0,1660.0,1920.0
843,200.0,730.0,1130.0,2120.0,1830.0
867,240.0,970.0,960.0,1610.0,2070.0
865,240.0,870.0,1090.0,1310.0,1880.0
999,260.0,900.0,930.0,1840.0,2080.0
927,240.0,910.0,1020.0,1660.0,1900.0
926,240.0,880.0,980.0,1770.0,1960.0
936,260.0,850.0,960.0,1560.0,1860.0
937,250.0,850.0,950.0,1590.0,1870.0
967,260.0,850.0,960.0,1860.0,1870.0
1306,240.0,790.0,1040.0,1570.0,2170.0
1305,240.0,770.0,1010.0,1750.0,2090.0
1307,260.0,680.0,870.0,1600.0,1690.0
1308,260.0,1320.0,1070.0,2180.0,2550.0
1309,260.0,1380.0,680.0,1160.0,2070.0
1313,260.0,880.0,870.0,1420.0,2340.0
1312,260.0,880.0,880.0,1440.0,1990.0
1310,260.0,920.0,920.0,1800.0,1930.0
1311,260.0,880.0,880.0,1730.0,2060.0
169,230.0,970.0,1000.0,1010.0,2320.0
392,210.0,840.0,850.0,1870.0,1220.0
393,200.0,830.0,1060.0,1890.0,910.0
452,200.0,790.0,950.0,1900.0,1730.0
